Ranking,Tier,Player ID,Player,Position,Team,Age,Prev Rank,Movement,Signed,ETA,In-Person Look
1,1,*05u9z*,Roman Anthony,OF,BOS,21,1,0,2022,2025,Y
2,2,*0662o*,Sebastian Walcott,"3B,SS",TEX,19.1,2,0,2023,2026,Y
3,2,*06f0q*,Kristian Campbell,"2B,SS,OF",BOS,22.9,3,0,2023,Debuted,Y
4,2,*05r9j*,Marcelo Mayer,SS,BOS,22.4,7,3,2021,2025,Y
5,2,*05rik*,Bubba Chandler,SP,PIT,22.6,6,1,2021,2025,Y
6,2,*05u3u*,Konnor Griffin,SS,PIT,19,25,19,2024,2027,Y
7,2,*062k5*,Nick Kurtz,1B,ATH,22.1,31,24,2024,Debuted,Y
8,2,*067yc*,Leodalis De Vries,SS,SD,18.6,24,16,2024,2026,Y
9,3,*05rbv*,Samuel Basallo,"C,1B",BAL,20.7,8,-1,2021,2025,Y
10,3,*06eyu*,Zyhir Hope,OF,LAD,20.3,26,16,2023,2026,Y
11,3,*05yai*,Bryce Rainer,SS,DET,19.8,20,9,2024,2027,Y
12,3,*06aw3*,JJ Wetherholt,SS,STL,22.6,14,2,2024,2025,
13,3,*063vu*,Matt Shaw,"2B,3B,SS",CHC,23.5,5,-8,2023,Debuted,Y
14,3,*05zde*,Travis Bazzana,2B,CLE,22.7,11,-3,2024,2025,
15,3,*06ibv*,Jesus Made,SS,MIL,18,27,12,2024,2028,Y
16,3,*05rb0*,Jackson Jobe,SP,DET,22.8,10,-6,2021,Debuted,Y
17,3,*05r3i*,Andrew Painter,SP,PHI,22.1,15,-2,2021,2025,Y
18,3,*054p6*,Emmanuel Rodriguez,OF,MIN,22.2,16,-2,2019,2025,Y
19,3,*05yby*,Kevin McGonigle,"2B,SS",DET,20.7,9,-10,2023,2026,Y
20,3,*05xtz*,Dalton Rushing,"C,OF",LAD,24.2,18,-2,2022,2025,
21,4,*05u9y*,Max Clark,OF,DET,20.4,12,-9,2023,2026,Y
22,4,*05zh9*,Luke Keaschall,2B,MIN,22.7,28,6,2023,Debuted,Y
23,4,*05u96*,Bryce Eldridge,1B,SF,20.5,21,-2,2023,2025,Y
24,4,*05yj0*,Chase Dollander,SP,COL,23.5,22,-2,2023,Debuted,Y
25,4,*05uc7*,Noah Schultz,SP,CHW,21.7,23,-2,2022,2025,Y
26,4,*05u9q*,Jac Caglianone,1B,KC,22.2,30,4,2024,2025,Y
27,4,*061zv*,Josue De Paula,OF,LAD,19.9,42,15,2022,2026,
28,4,*05u3v*,Walker Jenkins,OF,MIN,20.2,17,-11,2023,2026,Y
29,4,*060jo*,Cam Smith,3B,HOU,22.2,29,0,2024,Debuted,
30,4,*06b72*,George Lombard Jr.,SS,NYY,19.9,32,2,2023,2026,Y
31,4,*05js5*,Coby Mayo,3B,BAL,23.4,33,2,2020,Debuted,Y
32,4,*04z6m*,Agustin Ramirez,"C,1B",MIA,23.6,80,48,2019,Debuted,Y
33,4,*0630d*,Drake Baldwin,C,ATL,24.1,34,1,2022,Debuted,Y
34,4,*05rb3*,Chase Burns,SP,CIN,22.3,35,1,2024,2025,
35,4,*05tp6*,Thomas White,SP,MIA,20.6,37,2,2023,2026,
36,4,*05ycl*,Travis Sykora,SP,WSH,21,40,4,2023,2026,Y
37,4,*05y3p*,Arjun Nimmala,SS,TOR,19.5,53,16,2023,2026,Y
38,4,*05t9n*,Carson Williams,SS,TB,21.9,19,-19,2021,2025,Y
39,5,*060ub*,Colt Emerson,SS,SEA,19.8,41,2,2023,2026,Y
40,5,*05yix*,Jaison Chourio,OF,CLE,20,44,4,2022,2027,Y
41,5,*067xj*,Cooper Pratt,SS,MIL,20.7,65,24,2023,2026,Y
42,5,*066sx*,Jonny Farmelo,OF,SEA,20.6,47,5,2023,2026,
43,5,*05rcg*,Braden Montgomery,OF,CHW,22,48,5,2024,2026,Y
44,5,*05wxy*,Kyle Teel,C,CHW,23.2,50,6,2023,2025,Y
45,5,*05r5e*,Angel Genao,SS,CLE,21,52,7,2021,2026,Y
46,5,*05y7n*,Jarlin Susana,SP,WSH,21.1,56,10,2022,2026,Y
47,5,*060gd*,Quinn Mathews,SP,STL,24.6,36,-11,2023,2025,
48,5,*05u36*,Aidan Miller,SS,PHI,20.9,45,-3,2023,2026,Y
49,5,*05r1m*,Jordan Lawlar,SS,ARI,22.8,61,12,2021,Debuted,Y
50,5,*05mx9*,Felnin Celesten,SS,SEA,19.6,46,-4,2023,2027,Y
51,5,*04azu*,Kumar Rocker,SP,TEX,25.5,38,-13,2022,Debuted,Y
52,5,*05zd4*,Hagen Smith,SP,CHW,21.7,39,-13,2024,2025,Y
53,5,*06ier*,Ryan Sloan,SP,SEA,19.3,120,67,2024,2027,
54,5,*064o4*,Demetrio Crisantes,2B,ARI,20.7,60,6,2022,2026,
55,5,*05r64*,Thayron Liranzo,"C,1B",DET,21.8,51,-4,2021,2026,Y
56,5,*0637j*,Josue Briceno,1B,DET,20.6,66,10,2023,2026,Y
57,6,*06c78*,Franklin Arias,"2B,SS",BOS,19.5,86,29,2023,2027,Y
58,6,*06bsb*,Eduardo Tait,C,PHI,18.7,73,15,2023,2027,Y
59,6,*062pp*,Xavier Isaac,1B,TB,21.4,74,15,2022,2026,Y
60,6,*05rfc*,Lazaro Montes,OF,SEA,20.5,75,15,2022,2026,
61,6,*06alk*,Charlie Condon,OF,COL,22.1,76,15,2024,2026,Y
62,6,*06c79*,Eduardo Quintero,OF,LAD,19.6,43,-19,2023,2027,
63,6,*06agr*,Slade Caldwell,OF,ARI,18.9,125,62,2024,2027,
64,6,*060la*,Jett Williams,SS,NYM,21.5,59,-5,2022,2025,Y
65,6,*061mh*,Robby Snelling,SP,MIA,21.4,162,97,2022,2025,
66,6,*05u1y*,Cam Collier,3B,CIN,20.5,53,-13,2022,2026,Y
67,6,*05xu1*,Alex Freeland,SS,LAD,23.7,135,68,2022,2026,
68,6,*06423*,Aroon Escobar,2B,PHI,20.3,106,38,2022,2027,Y
69,6,*05rbs*,Moises Ballesteros,C,CHC,21.5,93,24,2020,2025,Y
70,6,*066mk*,Welbyn Francisca,"2B,SS",CLE,19,64,-6,2023,2027,Y
71,6,*05yid*,Michael Arroyo,2B,SEA,20.5,58,-13,2022,2026,
72,6,*05uei*,Chase DeLauter,OF,CLE,23.5,62,-10,2022,2025,Y
73,6,*066er*,Grant Taylor,SP,CHW,23,82,9,2023,2026,Y
74,6,*05uo2*,Logan Henderson,SP,MIL,23.2,85,11,2021,Debuted,Y
75,6,*05zq5*,Charlee Soto,SP,MIN,19.7,108,33,2023,2026,Y
76,6,*05js6*,Ricky Tiedemann,SP,TOR,22.7,79,3,2021,2026,Y
77,6,*061yu*,Jacob Misiorowski,SP,MIL,23.1,109,32,2022,2025,Y
78,6,*063e5*,Caden Dana,SP,LAA,21.4,70,-8,2022,Debuted,
79,6,*061bo*,Rhett Lowder,SP,CIN,23.2,68,-11,2023,Debuted,
80,6,*067yp*,Ralphy Velazquez,1B,CLE,19.9,72,-8,2023,2026,Y
81,6,*05y7x*,Cole Young,"2B,SS",SEA,21.8,87,6,2022,2025,
82,6,*061yt*,Alan Roden,OF,TOR,25.4,88,6,2022,Debuted,Y
83,7,*04qow*,Kevin Alcantara,OF,CHC,22.8,90,7,2018,Debuted,Y
84,7,*061gx*,Jacob Melton,OF,HOU,24.7,91,7,2022,2025,Y
85,7,*0622w*,Chandler Simpson,OF,TB,24.5,92,7,2022,Debuted,Y
86,7,*06f1b*,Brody Hopkins,SP,TB,23.3,83,-3,2023,2026,Y
87,7,*05joq*,Connor Prielipp,SP,MIN,24.3,84,-3,2022,2025,Y
88,7,*05gss*,Jeferson Quero,C,MIL,22.6,77,-11,2019,2025,Y
89,7,*05y3q*,Blake Mitchell,C,KC,20.8,94,5,2023,2026,Y
90,7,*05rcd*,Joe Mack,C,MIA,22.4,185,95,2021,2026,Y
91,7,*06kkf*,Braylon Payne,OF,MIL,18.7,153,62,2024,2027,Y
92,7,*05y30*,Justin Crawford,OF,PHI,21.3,95,3,2022,2026,Y
93,7,*06j3f*,Luis Pena,SS,MIL,18.5,136,43,2024,2028,Y
94,7,*06mnh*,Dasan Hill,SP,MIN,19.4,266,172,2024,2027,
95,7,*05y7s*,Nolan McLean,SP,NYM,23.8,98,3,2023,2026,
96,7,*06apx*,Trey Yesavage,SP,TOR,21.8,99,3,2024,2026,Y
97,7,*05tzo*,J.R. Ritchie,SP,ATL,21.9,100,3,2022,2026,Y
98,7,*0658b*,Jonah Tong,SP,NYM,21.9,102,4,2022,2026,
99,7,*067xm*,George Klassen,SP,LAA,23.3,170,71,2023,2025,
100,7,*06ibo*,Emil Morales,SS,LAD,18.6,96,-4,2024,2027,
101,7,*06icc*,Eduardo Beltre,OF,MIN,18.6,103,2,2024,2027,Y
102,7,*05un2*,Edgar Quero,C,CHW,22.1,128,26,2021,Debuted,Y
103,7,*06dlz*,Ryan Waldschmidt,OF,ARI,22.6,168,65,2024,2026,
104,7,*05yed*,Eric Bitonti,3B,MIL,19.5,123,19,2023,2026,Y
105,7,*04yi8*,Spencer Jones,OF,NYY,24,107,2,2022,2026,Y
106,7,*05jri*,Alejandro Rosario,SP,TEX,23.3,71,-35,2023,2027,Y
107,7,*0515o*,Brandon Sproat,SP,NYM,24.6,77,-30,2023,2025,
108,7,*06c36*,Brice Matthews,"3B,SS",HOU,23.1,97,-11,2023,2025,Y
109,7,*06dq9*,Aidan Smith,OF,TB,20.8,67,-42,2023,2026,Y
110,7,*05gww*,Cade Horton,SP,CHC,23.7,110,0,2022,2025,Y
111,7,*05uy5*,AJ Smith-Shawver,SP,ATL,22.5,111,0,2021,Debuted,Y
112,7,*05yaz*,Will Warren,SP,NYY,25.9,112,0,2021,Debuted,Y
113,7,*062pm*,Owen Murphy,SP,ATL,21.6,113,0,2022,2026,Y
114,7,*06626*,Alfredo Duno,C,CIN,19.3,151,37,2023,2026,
115,7,*0620x*,Santiago Suarez,SP,TB,20.3,115,0,2022,2026,Y
116,7,*06col*,Austin Overn,OF,BAL,22,304,188,2024,2026,Y
117,7,*05wrt*,Tre' Morgan,1B,TB,22.8,81,-36,2023,2025,Y
118,7,*05u9o*,Sal Stewart,"2B,3B",CIN,21.4,104,-14,2022,2026,
119,7,*05rch*,Colson Montgomery,SS,CHW,23.2,55,-64,2021,2025,Y
120,7,*06434*,Jimmy Crooks,C,STL,23.8,149,29,2022,2025,Y
121,7,*066eo*,Cole Carrigg,OF,COL,23,117,-4,2023,2025,
122,7,*05ge1*,Ryan Clifford,"1B,OF",NYM,21.8,89,-33,2022,2025,Y
123,7,*06dqb*,Shane Smith,RP,CHW,25.1,217,94,2022,Debuted,Y
124,7,*05gd5*,Luis Perales,SP,BOS,22.1,119,-5,2019,2026,Y
125,7,*06dqi*,Jake Bloss,SP,TOR,23.9,121,-4,2023,Debuted,Y
126,7,*066mo*,Robert Calaz,OF,COL,19.4,122,-4,2023,2027,
127,7,*05u6g*,Jackson Ferris,SP,LAD,21.3,148,21,2022,2026,
128,8,*06625*,Joendry Vargas,SS,LAD,19.5,126,-2,2023,2027,
129,8,*06cq8*,Christian Moore,2B,LAA,22.5,54,-75,2024,2025,
130,8,*06aly*,Carson Benge,OF,NYM,22.3,116,-14,2024,2026,
131,8,*064o6*,Gary Gill Hill,SP,TB,20.6,131,0,2022,2026,Y
132,8,*06dn6*,C.J. Kayfus,"1B,OF",CLE,23.5,180,48,2023,2025,Y
133,8,*05raz*,Chase Petty,SP,CIN,22.1,133,0,2021,2025,
134,8,*04fyo*,Ronny Mauricio,2B,NYM,24.1,134,0,2017,Debuted,Y
135,8,*059bx*,Brady House,3B,WSH,21.9,183,48,2021,2025,Y
136,8,*05rc5*,Termarr Johnson,"2B,SS",PIT,20.9,136,0,2022,2026,Y
137,8,*0630e*,Colby Thomas,OF,ATH,24.3,137,0,2022,2025,Y
138,8,*05jsg*,Owen Caissie,OF,CHC,22.8,138,0,2020,2025,Y
139,8,*05nsq*,Deyvison De Los Santos,"1B,3B",MIA,21.9,177,38,2019,2025,Y
140,8,*06gwk*,Payton Tolle,SP,BOS,22.5,210,70,2024,2026,Y
141,8,*06mlb*,Juan Valera,SP,BOS,19,211,70,2023,2027,Y
142,8,*064zm*,Didier Fuentes,SP,ATL,19.9,201,59,2022,2026,Y
143,8,*06f1r*,Connelly Early,SP,BOS,23.1,243,100,2023,2025,Y
144,8,*04ysv*,Adael Amador,2B,COL,22.1,142,-2,2019,Debuted,
145,8,*05unf*,Denzel Clarke,OF,ATH,25,144,-1,2021,2025,Y
146,8,*06mnj*,Griffin Burkholder,OF,PHI,19.7,145,-1,2024,2027,
147,8,*05jpx*,Tink Hence,SP,STL,22.7,101,-46,2020,2026,Y
148,8,*0662m*,Luis Morales,SP,ATH,22.6,147,-1,2023,2026,
149,8,*05vy5*,Carter Jensen,C,KC,21.8,106,-43,2021,2026,Y
150,8,*06f0p*,Cooper Ingle,C,CLE,23.2,150,0,2023,2026,Y
151,8,*06cn0*,Ramon Ramirez,C,KC,19.9,129,-22,2023,2027,Y
152,8,*05raw*,Harry Ford,C,SEA,22.2,161,9,2021,2025,Y
153,8,*05gbg*,Zac Veen,OF,COL,23.4,124,-29,2020,Debuted,Y
154,8,*05wy1*,Brayden Taylor,"3B,SS",TB,23,152,-2,2023,2026,Y
155,8,*0630f*,Gabriel Rincones Jr.,OF,PHI,24.2,250,95,2022,2025,Y
156,8,*06dqd*,Ben Williamson,3B,SEA,24.5,329,173,2023,Debuted,
157,8,*06k81*,Yairo Padilla,SS,STL,17.8,154,-3,2024,2028,
158,8,*06ps2*,Josuar Gonzalez,SS,SF,17.5,155,-3,2025,2028,
159,8,*04z6k*,Luisangel Acuna,SS,NYM,23.1,156,-3,2018,Debuted,Y
160,8,*061rf*,Jesus Baez,"3B,SS",NYM,20.2,157,-3,2022,2026,
161,8,*05gwo*,Cristian Hernandez,"2B,SS",CHC,21.4,479,318,2021,2026,Y
162,8,*06hea*,Caleb Bonemer,SS,CHW,19.6,358,196,2024,2027,
163,8,*0568a*,Max Acosta,"2B,SS",MIA,22.5,140,-23,2019,2025,Y
164,8,*066b3*,K.C. Hunt,SP,MIL,24.8,206,42,2022,2026,
165,8,*05gef*,Cade Cavalli,SP,WSH,26.7,239,74,2020,Debuted,
166,8,*05u9j*,Jackson Baumeister,SP,TB,22.8,114,-52,2023,2026,Y
167,8,*06f1o*,Trevor Harrison,SP,TB,19.7,159,-8,2023,2027,Y
168,8,*06qif*,Brandon Clarke,SP,BOS,22.1,290,122,2024,2026,Y
169,8,*06hv8*,Logan Evans,SP,SEA,23.9,139,-30,2023,Debuted,
170,8,*060gg*,Adam Mazur,SP,MIA,24,254,84,2022,Debuted,
171,8,*05zya*,Thomas Harrington,SP,PIT,23.8,69,-102,2022,Debuted,Y
172,8,*066ch*,Jake Miller,SP,DET,23.9,163,-9,2022,2025,Y
173,8,*04nb5*,Hunter Barco,SP,PIT,24.4,214,41,2022,2025,Y
174,8,*05ycf*,Noah Cameron,SP,KC,25.8,215,41,2021,2025,Y
175,8,*060vu*,Moises Chace,SP,PHI,21.9,132,-43,2019,2026,Y
176,8,*066mz*,Brailer Guerrero,OF,TB,18.9,166,-10,2023,2027,Y
177,8,*06dsa*,Kyle Karros,3B,COL,22.8,396,219,2023,2025,
178,9,*066iq*,Ben Hess,SP,NYY,22.7,307,129,2024,2026,Y
179,9,*06bfu*,Alex Clemmey,SP,WSH,19.8,212,33,2023,2026,Y
180,9,*06l3m*,Bryce Cunningham,SP,NYY,22.4,289,109,2024,2026,Y
181,9,*060m8*,Jurrangelo Cijntje,SP,SEA,21.9,195,14,2024,2026,
182,9,*05r3s*,Alejandro Osuna,OF,TEX,22.6,172,-10,2020,2025,Y
183,9,*062e5*,Vance Honeycutt,OF,BAL,22,173,-10,2024,2026,Y
184,9,*06c7i*,Tai Peete,SS,SEA,19.7,174,-10,2023,2026,
185,9,*05js7*,Nick Yorke,2B,PIT,23.1,143,-42,2020,Debuted,Y
186,9,*05ucf*,James Triantos,2B,CHC,22.3,118,-68,2021,2025,Y
187,9,*05xu0*,Drew Gilbert,OF,NYM,24.6,175,-12,2022,2025,Y
188,9,*062e0*,Cam Caminiti,SP,ATL,18.7,176,-12,2024,2026,Y
189,9,*06hwt*,Michael Forret,SP,BAL,21.1,293,104,2023,2026,Y
190,9,*06f0k*,Rafael Flores,"C,1B",NYY,24.5,178,-12,2022,2025,Y
191,9,*05jre*,Enrique Bradfield Jr.,OF,BAL,23.4,179,-12,2023,2025,Y
192,9,*06cq7*,Seaver King,SS,WSH,22,141,-51,2024,2026,Y
193,9,*04mms*,Orelvis Martinez,2B,TOR,23.5,182,-11,2018,Debuted,Y
194,9,*0518s*,Ryan Gusto,SP,HOU,26.2,505,311,2019,Debuted,
195,9,*05ybr*,Ethan Salas,C,SD,18.9,78,-117,2023,2026,Y
196,9,*05jn0*,Adrian Del Castillo,C,ARI,25.6,184,-12,2021,Debuted,
197,9,*06f0u*,Jaden Hamm,SP,DET,22.7,185,-12,2023,2025,Y
198,9,*06328*,PJ Morlando,OF,MIA,20,232,34,2024,2027,Y
199,9,*066j0*,JD Dix,SS,ARI,19.6,338,139,2024,2027,
200,9,*06icz*,Carter Johnson,SS,MIA,19.2,339,139,2024,2027,
201,9,*06psm*,Andrew Salas,SS,MIA,17.2,385,184,2025,2029,
202,9,*05mru*,Thomas Saggese,2B,STL,23.1,188,-14,2020,Debuted,Y
203,9,*05jrf*,Chase Davis,OF,STL,23.4,189,-14,2023,2026,
204,9,*05t9l*,Max Muncy,SS,ATH,22.7,160,-44,2021,Debuted,Y
205,9,*066mq*,Yophery Rodriguez,OF,MIL,19.4,191,-14,2023,2026,Y
206,9,*061lj*,Winston Santos,SP,TEX,23.1,192,-14,2019,2026,Y
207,9,*06kk6*,Braylon Doughty,SP,CLE,19.4,193,-14,2024,2027,
208,9,*066m0*,Kohl Drake,SP,TEX,24.8,194,-14,2022,2025,Y
209,9,*05u2p*,Jaxon Wiggins,SP,CHC,23.6,324,115,2023,2026,
210,10,*060if*,Josh Kasevich,SS,TOR,24.3,196,-14,2022,2025,Y
211,10,*062jx*,Jared Serna,SS,MIA,22.9,197,-14,2019,2025,Y
212,10,*06mnk*,Tyson Lewis,SS,CIN,19.3,198,-14,2024,2027,
213,10,*05u2m*,Theo Gillen,OF,TB,19.6,199,-14,2024,2027,Y
214,10,*0657l*,Jack Perkins,SP,ATH,27.7,200,-14,2022,2025,Y
215,10,*05rav*,Richard Fitts,RP,BOS,25.4,202,-13,2021,Debuted,Y
216,10,*05uo4*,Emiliano Teodo,SP,TEX,24.2,169,-47,2020,2025,Y
217,10,*062yr*,Noble Meyer,SP,MIA,20.3,204,-13,2023,2026,
218,10,*06htl*,Ty Johnson,SP,TB,23.6,205,-13,2023,2026,Y
219,10,*06g2a*,Felix Arronde,SP,KC,22,253,34,2021,2026,Y
220,10,*06gjv*,Nestor German,SP,BAL,23.2,207,-13,2023,2026,Y
221,10,*060q2*,Jairo Iriarte,SP,CHW,23.4,208,-13,2018,Debuted,Y
222,10,*06582*,Luke Adams,"1B,3B",MIL,21,105,-117,2022,2026,Y
223,10,*0641c*,Zach Dezenzo,1B,HOU,25,164,-59,2022,Debuted,Y
224,10,*061wh*,Jefferson Rojas,SS,CHC,20,165,-59,2022,2026,Y
225,10,*0648r*,Andrew Morris,SP,MIN,23.7,213,-12,2022,2025,Y
226,10,*06mff*,Justin Gonzales,1B,BOS,18.3,283,57,2024,2028,Y
227,10,*05m1c*,Miguel Bleis,OF,BOS,21.2,282,55,2021,2026,Y
228,10,*066mn*,Yoeilin Cespedes,SS,BOS,19.7,187,-41,2023,2027,Y
229,10,*061xq*,Miguel Ullola,SP,HOU,22.9,216,-13,2021,2025,Y
230,10,*064og*,Franyerber Montilla,"2B,SS",DET,20.1,402,172,2022,2026,Y
231,10,*066mx*,Starlyn Caba,SS,MIA,19.4,171,-60,2023,2027,Y
232,10,*05u2k*,Hao-Yu Lee,2B,DET,22.2,218,-14,2021,2025,Y
233,10,*05ua8*,Cooper Kinney,2B,TB,21.4,271,38,2021,2026,Y
234,10,*05jse*,Tommy Troy,SS,ARI,23.3,233,-1,2023,2026,Y
235,10,*066ir*,James Tibbs,OF,SF,22.6,221,-14,2024,2026,
236,10,*05g3k*,Yanquiel Fernandez,OF,COL,22.3,222,-14,2019,2025,
237,10,*05ynx*,River Ryan,SP,LAD,26.7,224,-13,2021,Debuted,
238,10,*06dnc*,Brandon Winokur,"SS,OF",MIN,20.4,225,-13,2023,2026,Y
239,10,*06f1c*,Jack Wenninger,SP,NYM,23.1,509,270,2023,2026,
240,10,*05y9r*,Justin Wrobleski,SP,LAD,24.8,226,-14,2021,Debuted,
241,10,*06f18*,Lucas Braun,SP,ATL,23.7,398,157,2023,2025,Y
242,10,*06hth*,Josh Adamczewski,SS,MIL,20,295,53,2023,2027,Y
243,10,*06ps3*,Yorger Bautista,OF,SEA,17.6,228,-15,2025,2029,
244,10,*06ps4*,Cris Rodriguez,OF,DET,17.3,229,-15,2025,2029,
245,10,*05yj5*,Gino Groover,3B,ARI,23.1,230,-15,2023,2025,Y
246,10,*06kxe*,Kellon Lindsey,SS,LAD,19.6,231,-15,2024,2027,
247,10,*06dn7*,A.J. Ewing,"2B,OF",NYM,20.7,489,242,2023,2026,Y
248,10,*06lp4*,Kash Mayfield,SP,SD,20.2,235,-13,2024,2027,Y
249,10,*06hey*,Owen Hall,SP,DET,19.5,236,-13,2024,2027,
250,10,*06kka*,Kale Fountain,3B,SD,19.7,237,-13,2024,2027,
251,10,*06mne*,Luke Dickerson,SS,WSH,19.7,238,-13,2024,2027,
252,10,*066al*,Otto Kemp,"2B,3B",PHI,25.7,433,181,2022,2025,Y
253,10,*05yhe*,Juan Brito,"1B,2B,3B",CLE,23.6,181,-72,2018,2025,Y
254,10,*06agh*,Yilber Diaz,SP,ARI,24.7,240,-14,2021,Debuted,
255,10,*05tzn*,Parker Messick,SP,CLE,24.5,241,-14,2022,2025,Y
256,10,*06f1q*,Christian Oppor,SP,CHW,20.8,NR,NA,2023,2027,
257,10,*06l0n*,Sean Linan,RP,LAD,20.5,787,530,2022,2027,
258,10,*05rcj*,Edwin Arroyo,SS,CIN,21.7,244,-14,2021,2026,Y
259,10,*05y6w*,Hunter Dobbins,SP,BOS,25.7,245,-14,2021,Debuted,Y
260,10,*05gx5*,Jose Corniell,SP,TEX,21.9,246,-14,2019,2026,Y
261,10,*06pqe*,Will Watson,SP,NYM,22.5,515,254,2024,2026,
262,10,*06l49*,Eiberson Castellano,SP,MIN,24,247,-15,2021,2025,Y
263,10,*06f14*,Ethan Pecko,SP,HOU,22.7,227,-36,2023,2026,Y
264,10,*05yim*,Jhonny Severino,"3B,SS",PIT,20.5,249,-15,2022,2027,Y
265,10,*05y7y*,Mikey Romero,SS,BOS,21.3,257,-8,2022,2026,Y
266,10,*06dnb*,Mike Boeve,"1B,3B",MIL,23,251,-15,2023,2026,
267,10,*06c28*,Yordanny Monegro,SP,BOS,22.5,334,67,2020,2026,Y
268,10,*05xu8*,Tyler Locklear,1B,SEA,24.4,314,46,2022,Debuted,Y
269,10,*06dq2*,Landen Maroudis,SP,TOR,20.4,255,-14,2023,2027,
270,10,*05j8u*,Jhostynxon Garcia,OF,BOS,22.4,256,-14,2019,2026,Y
271,10,*06gjt*,Nelly Taylor,OF,BOS,22.3,341,70,2023,2026,Y
272,10,*06f1h*,Alfonsin Rosario,OF,CLE,20.9,647,375,2023,2027,Y
273,10,*05jpd*,Ian Seymour,SP,TB,26.4,365,92,2020,2025,Y
274,10,*06mnl*,Wyatt Sanford,SS,PIT,19.4,258,-16,2024,2027,Y
275,10,*06ica*,Joswa Lugo,SS,LAA,18.3,421,146,2024,2028,
276,10,*06ich*,Jhonny Level,SS,SF,18.1,260,-16,2024,2028,
277,10,*05t9g*,Gage Jump,SP,ATH,22.1,422,145,2024,2026,
278,10,*06nub*,Khal Stephen,SP,TOR,22.4,423,145,2024,2027,Y
279,10,*06hf3*,Levi Sterling,SP,PIT,18.7,262,-17,2024,2027,Y
280,10,*06mnf*,Bryce Meccage,SP,MIL,19.1,440,160,2024,2026,Y
281,10,*062pn*,David Sandlin,SP,BOS,24.2,203,-78,2022,2026,Y
282,10,*04pmq*,Braxton Ashcraft,SP,PIT,25.6,190,-92,2018,2025,Y
283,11,*06qhh*,Dorian Soto,SS,BOS,17.2,264,-19,2025,2029,
284,11,*066o8*,Jeremy Rodriguez,SS,NYM,18.8,265,-19,2023,2027,
285,11,*05jqi*,Shay Whitcomb,3B,HOU,26.6,268,-17,2020,Debuted,Y
286,11,*06ajk*,Eli Serrano,OF,NYM,22,514,228,2024,2026,
287,11,*06icj*,Yolfran Castillo,SS,TEX,18.2,269,-18,2024,2028,
288,11,*05xse*,Hector Rodriguez,OF,CIN,21.1,378,90,2021,2026,
289,11,*066az*,Adam Serwinowski,SP,CIN,20.9,496,207,2022,2026,Y
290,11,*06mmx*,Juneiker Caceres,OF,CLE,17.7,397,107,2024,2028,
291,11,*05tdk*,Druw Jones,OF,ARI,21.4,273,-18,2022,2026,
292,11,*05uec*,Yoniel Curet,SP,TB,22.5,209,-83,2019,2027,Y
293,11,*05y7v*,Carson Whisenhunt,SP,SF,24.5,274,-19,2022,2025,Y
294,11,*06mio*,David Davalillo,SP,TEX,22.6,494,200,2022,2026,Y
295,11,*0630k*,Blake Burkhalter,SP,ATL,24.6,556,261,2022,2025,Y
296,11,*06j3h*,Cole Mathis,1B,CHC,21.8,294,-2,2024,2026,
297,11,*062jb*,Blake Burke,1B,MIL,21.9,295,-2,2024,2026,
298,11,*06awf*,Luis Merejo,1B,CLE,18.8,219,-79,2023,2027,
299,11,*062ec*,Carson DeMartini,3B,PHI,22.4,220,-79,2024,2026,Y
300,11,*06mh4*,Edward Florentino,1B,PIT,18.5,275,-25,2024,2028,Y
301,11,*066m6*,Jeter Martinez,SP,SEA,19.2,276,-25,2023,2027,
302,11,*04aov*,Tirso Ornelas,OF,SD,25.2,277,-25,2016,Debuted,
303,11,*05tp7*,Tommy White,3B,ATH,22.2,278,-25,2024,2026,Y
304,11,*05xoo*,Elmer Rodriguez-Cruz,SP,NYY,21.7,466,162,2021,2026,Y
305,11,*0649e*,A.J. Blubaugh,SP,HOU,24.8,363,58,2022,2025,
306,11,*05u2q*,Blade Tidwell,SP,NYM,23.9,363,57,2022,2025,
307,11,*05u2l*,Ty Floyd,SP,CIN,23.7,483,176,2023,2027,
308,11,*066b1*,Cameron Weston,SP,BAL,24.7,404,96,2022,2025,Y
309,11,*06op3*,Wei-En Lin,SP,ATH,19.5,NR,NA,2024,2027,
310,11,*06q32*,Tytus Cissell,SS,ARI,19.1,394,84,2024,2027,
311,11,*06akw*,Asbel Gonzalez,OF,KC,19.3,487,176,2023,2026,Y
312,11,*062l0*,Jadher Areinamo,"2B,SS",MIL,21.4,388,76,2021,2026,Y
313,11,*06cgg*,Billy Amick,3B,MIN,22.5,327,14,2024,2026,Y
314,11,*06kkk*,Walker Janek,C,HOU,18.6,284,-30,2024,2026,Y
315,11,*05y7u*,Malcolm Moore,C,TEX,21.8,287,-28,2024,2026,Y
316,11,*05tde*,Dominic Keegan,C,TB,23.8,288,-28,2022,2026,Y
317,11,*06ibi*,Caleb Lomavita,C,WSH,22.5,380,63,2024,2026,Y
318,11,*06fzr*,Braxton Bragg,SP,BAL,24.5,527,209,2023,2026,Y
319,11,*06f1j*,Caden Scarborough,RP,TEX,20.1,981,662,2023,2026,
320,11,*05xzr*,Jedixson Paez,SP,BOS,21.3,242,-78,2021,2026,Y
321,11,*0603p*,Hurston Waldrep,SP,ATL,23.2,186,-135,2023,Debuted,Y
322,11,*059bs*,Bryan Ramos,3B,CHW,23.1,290,-32,2018,Debuted,Y
323,11,*061a8*,Andrew Walters,RP,CLE,24.4,291,-32,2023,Debuted,
324,11,*06fzq*,Craig Yoho,RP,MIL,25.5,292,-32,2023,Debuted,
325,11,*0630h*,Mason Barnett,SP,ATH,24.5,252,-73,2022,2025,Y
326,11,*05t9i*,Ben Kudrna,SP,KC,22.3,453,127,2021,2026,Y
327,11,*06lfg*,Christopher Suero,"C,1B,OF",NYM,21.3,231,-96,2022,2026,
328,11,*06n3o*,Johnny King,SP,TOR,18.8,317,-11,2024,2027,
329,11,*06me7*,Anderson Brito,SP,HOU,20.8,318,-11,2023,2027,Y
330,11,*05y3m*,Zander Mueth,SP,PIT,19.9,319,-11,2023,2026,Y
331,11,*06fzm*,Boston Baro,"3B,SS",NYM,20.7,248,-83,2023,2026,Y
332,11,*05y4m*,Tim Tawa,"1B,2B",ARI,26.1,295,-37,2021,Debuted,
333,11,*06o0f*,Eddie Rynders,3B,PIT,19.5,295,-38,2024,2027,Y
334,11,*05ubi*,Brock Wilken,3B,MIL,22.9,297,-37,2023,2026,Y
335,11,*06o8p*,Cobb Hightower,SS,SD,20.1,351,16,2024,2027,
336,11,*0648n*,Chase Meidroth,"3B,SS",CHW,23.8,299,-37,2022,Debuted,Y
337,11,*05y4b*,Caleb Durbin,"2B,3B",MIL,25.2,300,-37,2021,Debuted,Y
338,11,*06ltg*,Payton Eeles,"2B,SS",MIN,25.5,301,-37,2024,2025,Y
339,11,*06ekm*,Devin Saltiban,2B,PHI,20.2,259,-80,2023,2026,Y
340,11,*05sr2*,Michael McGreevy,SP,STL,24.8,302,-38,2021,Debuted,
341,11,*05gsg*,Justin Foscue,UT,TEX,26.2,303,-38,2020,Debuted,Y
342,11,*06me6*,Jose Anderson,OF,MIL,18.4,305,-37,2024,2028,
343,11,*0603l*,RJ Schreck,OF,TOR,24.8,331,-12,2023,2025,Y
344,11,*06m0g*,Elian Pena,SS,NYM,17.5,309,-35,2025,2029,
345,11,*06psn*,Kevin Alvarez,OF,HOU,17.3,310,-35,2025,2029,
346,11,*06ibu*,Luis Cova,OF,MIA,18.3,311,-35,2024,2028,
347,11,*06q33*,Brendan Tunink,OF,LAD,19.6,312,-35,2024,2027,
348,11,*05xpo*,Ryan Bergert,SP,SD,25.2,893,545,2021,Debuted,Y
349,11,*06gjw*,Bishop Letson,SP,MIL,20.6,464,115,2023,2026,
350,11,*06qng*,Tyson Hardin,SP,MIL,23.5,NR,NA,2024,2026,
351,11,*05u2u*,Tyler Black,UT,MIL,24.8,315,-36,2021,Debuted,Y
352,11,*06oo3*,Josh Caron,C,SEA,21.8,316,-36,2024,2026,
353,11,*0630n*,Aron Estrada,"2B,SS",BAL,20.3,272,-81,2022,2026,Y
354,11,*066a6*,Braden Nett,SP,SD,22.9,467,113,2022,2025,Y
355,11,*062e9*,Drue Hackenberg,SP,ATL,23.1,270,-85,2023,2025,Y
356,11,*06cn1*,Chen-Wei Lin,SP,STL,23.4,279,-77,2023,2026,
357,11,*066ip*,Mike Sirota,OF,LAD,21.9,382,25,2024,2026,
358,11,*06c4z*,Grant Kipp,SP,CHC,25.5,NR,NA,2022,2026,Y
359,11,*06huh*,Brett Wichrowski,SP,MIL,22.7,321,-38,2023,2026,
360,11,*06owe*,Griffin Herring,RP,NYY,22,786,426,2024,2026,
361,11,*06kkj*,Ryan Forcucci,SP,HOU,22.4,323,-38,2024,2026,
362,11,*05mrp*,Marco Raya,SP,MIN,22.7,261,-101,2020,2025,Y
363,12,*06fwm*,Jonathon Long,1B,CHC,23.3,325,-38,2023,2025,Y
364,12,*05uv5*,Abimelec Ortiz,1B,TEX,23.2,326,-38,2021,2025,Y
365,12,*06kk8*,Dylan Dreiling,OF,TEX,22,408,43,2024,2026,Y
366,12,*06mnp*,Rainiel Rodriguez,C,STL,18.3,328,-38,2024,2027,
367,12,*06dvu*,Lisbel Diaz,OF,SF,19.8,555,188,2023,2026,
368,12,*05r6f*,Rayne Doncon,"3B,SS",MIN,21.6,333,-35,2021,2026,Y
369,12,*05m6e*,Omar Alfonzo,"C,1B",PIT,21.8,472,103,2021,2026,Y
370,12,*06hx4*,Kaelen Culpepper,SS,MIN,22.3,337,-33,2024,2026,Y
371,12,*060ue*,Jonathan Santucci,SP,NYM,22.4,340,-31,2024,2026,
372,12,*05zq4*,Ryan Johnson,SP,LAA,22.7,492,120,2024,Debuted,
373,12,*066mw*,Rayner Arias,OF,SF,19,342,-31,2023,2026,
374,12,*061mj*,Jeral Perez,"2B,SS",CHW,20.5,426,52,2022,2026,Y
375,12,*05xq2*,Mitch Bratt,SP,TEX,21.8,344,-31,2021,2025,Y
376,12,*06bs9*,Keyner Benitez,SP,MIA,18.9,345,-31,2023,2027,
377,12,*06aw2*,Samuel Aldegheri,SP,LAA,23.6,346,-31,2019,Debuted,
378,12,*06f0t*,Eriq Swan,SP,LAD,23.5,347,-31,2023,2026,Y
379,12,*05uc4*,Troy Melton,SP,DET,24.4,425,46,2022,2026,Y
380,12,*05ybz*,Brody Brecht,SP,COL,22.6,419,39,2024,2026,
381,12,*06mpb*,Jared Thomas,OF,COL,21.8,432,51,2024,2026,
382,12,*0622o*,Axiel Plaz,"C,1B",PIT,19.7,506,124,2022,2027,Y
383,12,*06hsz*,John Gil,SS,ATL,19,352,-31,2023,2027,Y
384,12,*0647m*,Michael Kennedy,SP,CLE,20.4,353,-31,2022,2026,Y
385,12,*05yci*,Tony Blanco Jr.,UT,PIT,20,354,-31,2022,2027,Y
386,12,*067yf*,Dakota Jordan,OF,SF,22,355,-31,2024,2026,
387,12,*069xw*,Jose Urbina,SP,TB,19.5,356,-31,2023,2027,
388,12,*06ce9*,Aldrin Batista,SP,CHW,22,357,-31,2022,2026,Y
389,12,*05uws*,Chayce McDermott,SP,BAL,26.7,306,-83,2021,Debuted,Y
390,12,*05u2o*,George Wolkow,OF,CHW,19.3,308,-82,2023,2026,Y
391,12,*05ww7*,Jean Cabrera,SP,PHI,23.5,359,-32,2021,2026,Y
392,12,*065j0*,C.J. Culpepper,SP,MIN,23.5,360,-32,2022,2025,Y
393,12,*05taw*,Doug Nikhazy,SP,CLE,25.7,361,-32,2021,Debuted,
394,12,*06hf1*,Ben Shields,SP,NYY,26.3,362,-32,2023,2026,
395,12,*05r3a*,Brandon Young,SP,BAL,26.7,436,41,2020,Debuted,Y
396,12,*05w7z*,Edgardo Henriquez,RP,LAD,22.9,364,-32,2019,Debuted,
397,12,*06qrv*,Owen Carey,OF,ATL,18.8,NR,NA,2024,2027,Y
398,12,*06c3v*,Yeremi Cabrera,OF,TEX,19.8,298,-100,2022,2027,
399,12,*06am5*,Luinder Avila,SP,KC,23.7,722,323,2018,2026,Y
400,12,*06ekq*,Zach Thornton,SP,NYM,22.3,NR,NA,2023,2026,
401,12,*06c29*,Tzu-Chen Sha,SP,ATH,21.6,NR,NA,2024,2027,
402,12,*06o03*,Daniel Eagen,SP,ARI,22.4,579,177,2024,2026,Y
403,12,*06o0e*,Marco Dinges,UT,MIL,31.7,NR,NA,2024,2027,Y
404,12,*06ftt*,Brady Smith,SP,LAD,20.3,370,-34,2023,2027,
405,12,*05yhd*,Abdias De La Cruz,OF,ARI,20.5,371,-34,2022,2027,
406,12,*0689z*,Colton Ledbetter,OF,TB,23.5,372,-34,2023,2025,Y
407,12,*06dq5*,Braylin Morel,OF,TEX,19.3,374,-33,2023,2027,Y
408,12,*067xh*,Homer Bush Jr.,OF,TB,23.6,375,-33,2023,2027,Y
409,12,*06dqq*,Ethan O'Donnell,OF,CIN,23.1,748,339,2023,2026,
410,12,*06s7q*,Liomar Martinez,SP,MIA,19.9,NR,NA,2022,2027,
411,12,*06ciz*,Yassel Soler,3B,ARI,19.3,313,-98,2023,2027,
412,12,*06207*,Christian Zazueta,SP,LAD,20.6,313,-99,2022,2027,
413,12,*06iej*,Edgleen Perez,C,NYY,18.9,378,-35,2023,2027,Y
414,12,*06f0w*,Dylan Questad,SP,MIN,20.5,798,384,2023,2026,Y
415,12,*066re*,Engelth Urena,1B,NYY,20.7,381,-34,2022,2026,Y
416,12,*05tcd*,Gavin Cross,OF,KC,24.2,383,-33,2022,2025,Y
417,12,*068z1*,Pablo Guerrero,1B,TEX,18.8,384,-33,2023,2026,
418,12,*06qhg*,Maykel Coret,OF,TB,17.6,386,-32,2025,2029,
419,12,*066mp*,Arnaldo Lantigua,OF,CIN,19.4,387,-32,2023,2027,
420,12,*066kw*,Chris Cortez,RP,LAA,22.6,511,91,2024,2025,
421,12,*06ho7*,Paulino Santana,OF,TEX,18.5,391,-30,2024,2027,
422,12,*04gdw*,Johnathan Rodriguez,OF,CLE,25.5,392,-30,2016,Debuted,
423,12,*06fqw*,Yahil Melendez,SS,CHC,19.7,393,-30,2023,2027,
424,12,*05rgq*,Kendry Rojas,SP,TOR,22.4,234,-190,2020,2026,Y
425,12,*06kke*,David Shields,SP,KC,18.6,395,-30,2024,2027,
426,12,*06497*,Logan Wagner,1B,LAD,21.2,525,99,2022,2026,
427,12,*05rbw*,Esmerlyn Valdez,"1B,OF",PIT,21.3,526,99,2021,2027,Y
428,12,*06ek7*,Fernando Perez,SP,TOR,21.2,399,-29,2022,2026,
429,12,*06nue*,Joshua Kuroda-Grauer,SS,ATH,22.3,400,-29,2024,2026,
430,12,*06qse*,Ayden Johnson,SS,ATH,17.2,401,-29,2025,2029,
431,13,*05u6r*,Robert Gasser,SP,MIL,25.9,322,-109,2021,Debuted,Y
432,13,*060hm*,Cory Lewis,SP,MIN,24.6,403,-29,2022,2025,
433,13,*064da*,Nacho Alvarez,2B,ATL,22.1,320,-113,2022,Debuted,Y
434,13,*06kk7*,Trey Gregory-Alford,SP,LAA,19,405,-29,2024,2027,
435,13,*06oo1*,Herick Hernandez,SP,ATL,21.7,607,172,2024,2026,
436,13,*06jh5*,Stiven Martinez,OF,BAL,17.7,407,-29,2024,2027,Y
437,13,*06jgx*,Gabriel Rodriguez,SS,CLE,18,410,-27,2024,2028,
438,13,*062k7*,Griff O'Ferrall,SS,BAL,22.3,411,-27,2024,2026,Y
439,13,*06kjz*,Chase Harlan,3B,LAD,18.8,412,-27,2024,2027,
440,13,*05jr4*,Brandon Birdsell,SP,CHC,25.1,413,-27,2022,2025,
441,13,*06ien*,Dante Nori,OF,PHI,20.6,414,-27,2024,2027,Y
442,13,*052h8*,Jesus Rodriguez,"C,3B",NYY,23,415,-27,2018,2025,Y
443,13,*06nug*,Nate Dohm,SP,NYM,22.3,637,194,2024,2026,
444,13,*06hf0*,Joey Oakie,SP,CLE,19,417,-27,2024,2027,
445,13,*06kkb*,Boston Bateman,SP,SD,19.6,418,-27,2024,2027,
446,13,*05xty*,Dylan Beavers,OF,BAL,23.7,330,-116,2022,2025,Y
447,13,*06r8u*,Shotaro Morii,"SS,P",ATH,18.4,420,-27,2025,2029,
448,13,*06c1l*,Joe Whitman,SP,SF,23.6,367,-81,2023,2026,
449,13,*061v7*,Echedry Vargas,SS,MIA,20.2,336,-113,2022,2027,Y
450,13,*05g4k*,Mick Abel,SP,PHI,23.7,451,1,2020,2025,Y
451,13,*05yh6*,Luke Holman,SP,CIN,22.3,424,-27,2024,2026,
452,13,*06657*,Mason Adams,SP,CHW,25.2,332,-120,2022,2025,Y
453,13,*06qhe*,Diego Tornes,OF,ATL,16.8,450,-3,2025,2029,
454,13,*069zn*,Josh Knoth,SP,MIL,19.7,427,-27,2023,2026,Y
455,13,*05yib*,Nelson Rada,OF,LAA,19.7,373,-82,2022,2027,
456,13,*05uc2*,Hayden Mullins,SP,BOS,24.6,691,235,2022,2026,Y
457,13,*05jqh*,Tekoah Roby,SP,STL,23.6,431,-26,2020,2025,Y
458,13,*06dmp*,Max Anderson,2B,DET,23.2,693,235,2023,2026,
459,13,*05yha*,Mac Horvath,3B,TB,23.3,329,-130,2023,2026,Y
460,13,*06ltf*,Adrian Bohorquez,SP,MIN,20.2,435,-25,2023,2026,Y
461,13,*06fqq*,Owen Wild,SP,TB,22.8,368,-93,2023,2026,Y
462,13,*05yh3*,Chase Hampton,SP,NYY,23.7,369,-93,2022,2027,Y
463,13,*06qgp*,Joseph Sullivan,OF,HOU,22.8,437,-26,2024,2026,Y
464,13,*06ckl*,Luis De Leon,SP,BAL,22.1,438,-26,2021,2026,Y
465,13,*06kkg*,Kyle DeBarge,2B,MIN,21.8,439,-26,2024,2026,
466,13,*06kxi*,Jackson Wentworth,RP,TOR,22.7,844,378,2024,2026,
467,13,*05uc1*,Chase Mobley,SP,CLE,18.9,441,-26,2024,2027,
468,13,*06pqm*,Cameron Sullivan,SP,CLE,19.1,442,-26,2024,2027,
469,13,*06dlx*,Jackson Nezuh,P,HOU,23.2,443,-26,2023,2026,Y
470,13,*06jbn*,Humberto Cruz,SP,SD,18.4,444,-26,2024,2028,
471,13,*06fu2*,Zach Fruit,SP,BAL,25.1,462,-9,2023,2026,Y
472,13,*06hu8*,Trent Harris,RP,SF,25.5,446,-26,2023,2026,
473,13,*04pvl*,Michael Burrows,SP,PIT,25.5,447,-26,2018,Debuted,Y
474,13,*06cev*,Jhancarlos Lara,SP,ATL,22.3,448,-26,2021,2026,Y
475,13,*06r5o*,Brailyn Antunez,OF,MIL,17.4,449,-26,2025,2029,
476,13,*051wu*,Victor Bericoto,"1B,OF",SF,23.4,758,282,2018,2025,
477,13,*06hvg*,Brett Callahan,OF,DET,23.5,NR,NA,2023,2027,Y
478,13,*04up8*,Lazaro Estrada,SP,TOR,26,452,-26,2018,2025,Y
479,13,*06c1m*,Sammy Stafura,SS,CIN,20.5,377,-102,2023,2026,
480,13,*06dmr*,Matt Wilkinson,SP,CLE,22.4,454,-26,2023,2026,
481,13,*05t7a*,Anthony Solometo,SP,PIT,22.4,455,-26,2021,2026,Y
482,13,*06ahu*,Sean Sullivan,SP,COL,22.8,456,-26,2023,2026,
483,13,*06r5q*,Kenny Fenelon,OF,MIL,17.6,457,-26,2025,2029,
484,13,*05yiq*,Leandro Arias,SS,BAL,20.2,458,-26,2022,2026,Y
485,13,*06488*,Steven Zobac,SP,KC,24.6,445,-40,2022,2026,Y
486,13,*05uvx*,Cameron Cauley,"2B,SS",TEX,22.2,460,-26,2021,2026,Y
487,13,*06iad*,Brian Sanchez,OF,NYY,20.8,461,-26,2023,2026,Y
488,13,*05y7t*,Henry Bolte,OF,ATH,21.8,493,5,2022,2026,Y
489,13,*06hww*,Jojo Ingrassia,SP,BOS,22.8,952,463,2023,2026,Y
490,13,*062h4*,Carlos Lagrange,SP,NYY,21.9,510,20,2022,2026,Y
491,13,*06nuj*,Jackson Kent,SP,WSH,22.2,831,340,2024,2026,
492,13,*05r3g*,Mason Black,SP,SF,25.4,468,-24,2021,Debuted,
493,13,*06c8x*,Luke Sinnard,SP,ATL,22.5,671,178,2024,2026,
494,13,*06aqk*,Garrett Baumann,SP,ATL,20.7,468,-26,2023,2027,Y
495,13,*06htt*,Ryan Lobus,RP,TEX,24.7,481,-14,2023,2026,Y
496,13,*066nq*,Dillon Head,OF,MIA,20.6,471,-25,2023,2026,Y
497,13,*06p60*,Grant Shepardson,SP,MIA,19.6,475,-22,2024,2027,
498,13,*061zu*,Thomas Sosa,OF,BAL,20.3,473,-25,2022,2026,Y
499,13,*06aq4*,Andres Valor,OF,MIA,19.5,474,-25,2023,2027,
500,13,*06f8f*,Hyun-Seok Jang,SP,LAD,21.1,476,-24,2023,2026,