Ranking,Tier,Player,Team,Position,Signed,ETA,Age,Prev Rank,Movement,OBP,Player ID
1,1,Wyatt Langford,TEX,OF,2023,Debuted,22.5,1,0,,*060pm*
2,1,Junior Caminero,TB,3B,2019,Debuted,20.8,2,0,,*05xch*
3,1,Jackson Holliday,BAL,SS,2022,Debuted,20.4,3,0,UP,*05ybv*
4,1,Jackson Chourio,MIL,OF,2021,Debuted,20,4,0,,*05m1e*
5,2,James Wood,WSH,OF,2021,2024,21.6,9,4,UP,*05rat*
6,2,Jackson Merrill,SD,SS,2021,Debuted,21,8,2,,*05ua7*
7,2,Jasson Dominguez,NYY,OF,2019,Debuted,21.2,7,0,UP,*050c3*
8,2,Coby Mayo,BAL,3B,2020,2024,22.4,10,2,,*05js5*
9,2,Paul Skenes,PIT,P,2023,2024,21.9,19,10,,*05wru*
10,3,Dylan Crews,WSH,OF,2023,2024,21.9,5,-5,UP,*0596e*
11,3,Matt Shaw,CHC,2B,2023,2024,22.5,18,7,,*063vu*
12,3,Jared Jones,PIT,P,2020,Debuted,22.7,44,32,,*05h2u*
13,3,Jordan Lawlar,ARI,SS,2021,Debuted,21.8,11,-2,,*05r1m*
14,3,Kyle Manzardo,CLE,1B,2021,2024,23.8,25,-1,,*05rfu*
15,3,Chase DeLauter,CLE,OF,2022,2024,22.5,12,-2,,*05uei*
16,3,Roman Anthony,BOS,OF,2022,2024,20,13,-2,,*05u9z*
17,4,Spencer Jones,NYY,OF,2022,2024,23,15,-1,,*04yi8*
18,4,Emmanuel Rodriguez,MIN,OF,2019,2025,21.2,26,9,UP,*054p6*
19,4,Walker Jenkins,MIN,OF,2023,2025,19.2,16,-2,,*05u3v*
20,4,Jackson Jobe,DET,P,2021,2025,21.8,20,1,,*05rb0*
21,4,Noelvi Marte,CIN,3B,2018,Debuted,22.6,22,2,,*04qnd*
22,4,Ethan Salas,SD,C,2023,2025,17.9,17,-4,,*05ybr*
23,4,Samuel Basallo,BAL,C,2021,2025,19.7,23,1,UP,*05rbv*
24,4,Carson Williams,TB,SS,2021,2025,20.9,42,19,UP,*05t9n*
25,4,Colt Keith,DET,"2B,3B",2020,Debuted,22.7,14,-10,UP,*05jrh*
26,4,Heston Kjerstad,BAL,UT,2020,Debuted,25.2,49,24,UP,*0596f*
27,4,Colson Montgomery,CHW,"3B,SS",2021,2024,22.2,24,-3,,*05rch*
28,4,Colt Emerson,SEA,SS,2023,2025,18.8,27,-1,,*060ub*
29,4,Max Clark,DET,OF,2023,2025,19.4,28,-1,,*05u9y*
30,5,Andy Pages,LAD,OF,2018,Debuted,23.4,53,23,UP,*04ru5*
31,5,Owen Caissie,CHC,OF,2020,2024,21.8,30,-1,UP,*05jsg*
32,5,Lazaro Montes,SEA,"1B,OF",2022,2025,19.5,64,32,UP,*05rfc*
33,5,Cade Horton,CHC,P,2022,2024,22.7,32,-1,,*05gww*
34,5,Andrew Painter,PHI,P,2021,2025,21.1,34,0,,*05r3i*
35,5,Robby Snelling,SD,P,2022,2025,20.4,35,0,,*061mh*
36,5,Leodalis De Vries,SD,SS,2024,2027,17.6,36,0,,*067yc*
37,5,Brooks Lee,MIN,SS,2022,2024,23.2,37,0,,*04yig*
38,5,Jett Williams,NYM,SS,2022,2026,20.5,39,1,UP,*060la*
39,5,Marcelo Mayer,BOS,SS,2021,2024,21.4,41,2,UP,*05r9j*
40,5,Xavier Isaac,TB,1B,2022,2025,20.4,63,23,UP,*062pp*
41,5,Pete Crow-Armstrong,CHC,OF,2020,Debuted,22.1,31,-10,,*051wv*
42,6,Christian Scott,NYM,P,2022,2024,24.9,70,28,,*05xpq*
43,6,Adael Amador,COL,SS,2019,2025,21.1,21,-22,,*04ysv*
44,6,Tommy Troy,ARI,SS,2023,2025,22.3,59,15,,*05jse*
45,6,Sebastian Walcott,TEX,SS,2023,2027,18.1,50,5,,*0662o*
46,6,Cole Young,SEA,SS,2022,2026,20.8,51,5,UP,*05y7x*
47,6,Bryce Eldridge,SF,OF,2023,2026,19.5,52,5,,*05u96*
48,6,Ricky Tiedemann,TOR,P,2021,2024,21.7,33,-15,,*05js6*
49,6,Noah Schultz,CHW,P,2022,2026,20.7,79,30,,*05uc7*
50,6,Jacob Misiorowski,MIL,P,2022,2024,22.1,46,-4,,*061yu*
51,6,Orelvis Martinez,TOR,SS,2018,2024,22.5,85,34,,*04mms*
52,6,Brock Wilken,MIL,3B,2023,2025,21.9,56,4,,*05ubi*
53,6,Joey Ortiz,MIL,2B,2019,Debuted,25.8,57,4,,*0513c*
54,6,Harry Ford,SEA,C,2021,2024,21.2,58,4,UP,*05raw*
55,6,Arjun Nimmala,TOR,SS,2023,2026,18.5,86,31,,*05y3p*
56,6,Joendry Vargas,LAD,SS,2023,2027,18.5,61,5,,*06625*
57,6,Max Meyer,MIA,P,2020,Debuted,25.2,132,75,,*05a2d*
58,6,Hurston Waldrep,ATL,P,2023,2024,22.2,47,-11,,*0603p*
59,6,Abimelec Ortiz,TEX,1B,2021,2025,22.2,103,44,,*05uv5*
60,6,Brady House,WSH,SS,2021,2025,20.9,65,5,,*059bx*
61,6,Kyle Teel,BOS,C,2023,2025,22.2,66,5,,*05wxy*
62,6,Joey Loperfido,HOU,OF,2021,2024,25,82,20,,*05yfl*
63,6,Jordan Beck,COL,OF,2022,2024,23,109,46,UP,*051b4*
64,7,Roderick Arias,NYY,SS,2022,2027,19.6,60,-4,UP,*05gec*
65,7,Luis Lara,MIL,OF,2022,2026,19.5,69,4,,*060yn*
66,7,Aidan Miller,PHI,3B,2023,2026,19.9,107,41,,*05u36*
67,7,Rhett Lowder,CIN,P,2023,2024,22.2,71,4,,*061bo*
68,7,Drew Thorpe,CHW,P,2022,2025,23.6,72,4,,*05yb1*
69,7,Jefferson Rojas,CHC,SS,2022,2026,19,123,54,,*061wh*
70,7,Drew Gilbert,NYM,OF,2022,2024,23.6,62,-8,,*05xu0*
71,7,Jacob Melton,HOU,OF,2022,2025,23.7,54,-17,UP,*061gx*
72,7,Tink Hence,STL,P,2020,2025,21.7,74,2,,*05jpx*
73,7,Bubba Chandler,PIT,P,2021,2025,21.6,76,3,,*05rik*
74,7,Jack Leiter,TEX,P,2021,Debuted,24,135,61,,*04y9o*
75,7,Dylan Lesko,SD,P,2022,2026,20.7,78,3,,*05tdl*
76,7,Termarr Johnson,PIT,2B,2022,2026,19.9,38,-38,UP,*05rc5*
77,7,Graham Pauley,SD,3B,2022,Debuted,23.6,94,17,,*066lr*
78,7,Thomas Saggese,STL,SS,2020,2025,22.1,88,10,DOWN,*05mru*
79,8,Santiago Suarez,TB,P,2022,2026,19.3,129,50,,*0620x*
80,8,AJ Smith-Shawver,ATL,P,2021,Debuted,21.5,45,-35,,*05uy5*
81,8,Kevin Alcantara,CHC,OF,2018,2024,21.8,83,2,,*04qow*
82,8,Victor Scott,STL,OF,2022,Debuted,,76,-6,,*0648z*
83,8,Tyler Locklear,SEA,"1B,3B",2022,2025,23.4,95,12,UP,*05xu8*
84,8,Miguel Bleis,BOS,OF,2021,2025,20.2,80,-4,,*05m1c*
85,8,Jairo Iriarte,CHW,P,2018,2025,22.4,102,17,,*060q2*
86,8,Noble Meyer,MIA,P,2023,2026,19.3,75,-11,,*062yr*
87,8,Chase Petty,CIN,P,2021,2026,21.1,77,-10,,*05raz*
88,8,Adam Mazur,SD,P,2022,2025,23,280,192,,*060gg*
89,8,Connor Norby,BAL,2B,2021,2024,23.9,119,30,,*05tce*
90,8,Tyler Black,MIL,2B,2021,2024,23.8,104,14,UP,*05u2u*
91,9,Caden Dana,LAA,P,2022,2026,20.4,124,33,,*063e5*
92,9,Tekoah Roby,STL,P,2020,2025,22.6,89,-3,,*05jqh*
93,9,Will Warren,NYY,P,2021,2024,24.9,90,-3,,*05yaz*
94,9,Owen Murphy,ATL,P,2022,2026,20.6,272,178,,*062pm*
95,9,Felnin Celesten,SEA,SS,2023,2027,18.6,91,-4,,*05mx9*
96,9,Ronny Mauricio,NYM,2B,2017,Debuted,23.1,92,-4,DOWN,*04fyo*
97,9,Yoeilin Cespedes,BOS,SS,2023,2027,18.7,93,-4,,*066mn*
98,9,Ralphy Velazquez,CLE,C,2023,2026,18.9,212,114,,*067yp*
99,9,Yophery Rodriguez,MIL,OF,2023,2026,18.4,188,89,,*066mq*
100,9,Dylan Beavers,BAL,OF,2022,2025,22.7,108,8,UP,*05xty*
101,9,Luisangel Acuna,NYM,SS,2018,2024,22.1,87,-14,,*04z6k*
102,9,Josue De Paula,LAD,OF,2022,2026,18.9,97,-5,,*061zv*
103,9,Edgar Quero,CHW,C,2021,2025,21.1,155,52,,*05un2*
104,9,Agustin Ramirez,NYY,C,2019,2024,22.6,160,56,,*04z6m*
105,9,Dalton Rushing,LAD,C,2022,2025,23.2,98,-7,UP,*05xtz*
106,10,Thomas White,MIA,P,2023,2026,19.6,135,29,,*05tp6*
107,10,Gavin Stone,LAD,P,2020,Debuted,25.6,99,-8,,*05mrx*
108,10,Brock Porter,TEX,P,2022,2026,20.9,100,-8,,*05u6h*
109,10,David Festa,MIN,P,2021,2024,24.2,101,-8,,*05yav*
110,10,Cam Collier,CIN,3B,2022,2026,19.5,147,37,,*05u1y*
111,10,Chase Hampton,NYY,P,2022,2025,22.7,73,-38,,*05yh3*
112,10,Jace Jung,DET,2B,2022,2025,23.5,152,40,UP,*05tzg*
113,10,Ricardo Cabrera,CIN,SS,2022,2026,19.5,148,35,,*05rjo*
114,10,Addison Barger,TOR,SS,2018,2024,24.5,174,60,,*04qii*
115,10,Cade Cavalli,WSH,P,2020,Debuted,25.7,106,-9,,*05gef*
116,10,Cade Povich,BAL,P,2021,2024,24.1,133,17,,*05xop*
117,10,Jonny Farmelo,SEA,SS,2023,2026,19.6,226,109,,*066sx*
118,10,Brayden Taylor,TB,3B,2023,2025,22,156,38,,*05wy1*
119,10,Jaison Chourio,CLE,OF,2022,2027,19,247,128,,*05yix*
120,10,Zach Dezenzo,HOU,3B,2022,2025,24,96,-24,,*0641c*
121,10,Zyhir Hope,LAD,OF,2023,2026,19.3,442,321,,*06eyu*
122,10,Carson Whisenhunt,SF,P,2022,2024,23.5,191,69,,*05y7v*
123,10,Robert Gasser,MIL,P,2021,2024,24.9,120,-3,,*05u6r*
124,10,Henry Lalane,NYY,P,2021,2026,20,127,3,,*05ym5*
125,10,Ty Madden,DET,P,2021,2024,24.2,123,-2,,*05oqe*
126,10,Josue Briceno,DET,C,2023,2026,19.6,303,177,,*0637j*
127,10,Anthony Solometo,PIT,P,2021,2025,21.4,228,101,,*05t7a*
128,11,Juan Brito,CLE,"2B,SS",2018,2024,22.6,110,-18,UP,*05yhe*
129,11,Justin Foscue,TEX,"2B,OF",2020,Debuted,25.2,111,-18,UP,*05gsg*
130,11,Bryan Ramos,CHW,3B,2018,2024,22.1,81,-49,UP,*059bs*
131,11,Everson Pereira,NYY,OF,2017,Debuted,23.1,118,-13,,*04is5*
132,11,Jeferson Quero,MIL,C,2019,2024,21.6,114,-18,,*05gss*
133,11,Austin Wells,NYY,C,2020,Debuted,24.8,115,-18,UP,*05ahg*
134,11,Sal Stewart,CIN,3B,2022,2026,20.4,213,79,UP,*05u9o*
135,11,Ryan Clifford,NYM,"1B,OF",2022,2026,20.8,117,-18,,*05ge1*
136,11,Mick Abel,PHI,P,2020,2024,22.7,121,-15,,*05g4k*
137,11,George Lombard Jr.,NYY,SS,2023,2026,18.9,177,40,,*06b72*
138,11,Gabriel Gonzalez,MIN,OF,2021,2025,20.3,116,-22,,*05rcs*
139,11,Zac Veen,COL,OF,2020,2024,22.4,162,23,,*05gbg*
140,11,River Ryan,LAD,P,2021,2024,25.7,125,-15,,*05ynx*
141,11,Thayron Liranzo,LAD,C,2021,2026,20.8,152,11,,*05r64*
142,11,Marco Raya,MIN,P,2020,2024,21.7,168,26,,*05mrp*
143,11,Thomas Harrington,PIT,P,2022,2024,22.8,242,99,,*05zya*
144,11,Chayce McDermott,BAL,P,2021,2024,25.7,128,-16,,*05uws*
145,11,Nick Nastrini,CHW,P,2021,Debuted,24.2,130,-15,,*05wbp*
146,11,Cole Carrigg,COL,OF,2023,2026,22,263,117,,*066eo*
147,11,Jonatan Clase,SEA,OF,2018,Debuted,22,193,46,,*057zc*
148,11,Chase Dollander,COL,P,2023,2024,22.5,214,66,,*05yj0*
149,11,George Klassen,PHI,P,2023,2026,22.3,548,399,,*067xm*
150,11,Mason Black,SF,P,2021,2024,24.4,219,69,,*05r3g*
151,11,Samuel Zavala,CHW,OF,2021,2026,19.8,145,-6,UP,*05rdr*
152,11,Eduardo Quintero,LAD,OF,2023,2027,18.6,136,-16,,*06c79*
153,11,Justin Wrobleski,LAD,P,2021,2025,23.8,274,121,,*05y9r*
154,11,Hector Rodriguez,CIN,OF,2021,2026,20.1,153,-1,,*05xse*
155,11,Luis Baez,HOU,OF,2022,2026,20.3,139,-16,,*060fy*
156,11,Cooper Pratt,MIL,SS,2023,2026,19.7,169,13,,*067xj*
157,12,Echedry Vargas,TEX,3B,2022,2027,19.2,140,-17,,*061v7*
158,12,Walker Martin,SF,SS,2023,2026,20.2,149,-9,,*066t4*
159,12,Moises Ballesteros,CHC,C,2020,2026,20.5,225,66,UP,*05rbs*
160,12,Marco Luciano,SF,SS,2018,Debuted,22.6,164,4,UP,*04ooy*
161,12,Colby Thomas,OAK,OF,2022,2025,23.3,333,172,UP,*0630e*
162,12,Enrique Bradfield Jr.,BAL,OF,2023,2024,22.4,146,-16,,*05jre*
163,12,Yanquiel Fernandez,COL,OF,2019,2026,21.3,151,-12,DOWN,*05g3k*
164,12,James Triantos,CHC,"3B,SS",2021,2026,21.3,157,-7,,*05ucf*
165,12,Aidan Smith,SEA,OF,2023,2026,19.8,270,105,,*06dq9*
166,12,Ramon Ramirez,LAA,OF,2023,2027,18.9,154,-12,,*0620u*
167,12,Cooper Hjerpe,STL,P,2022,2024,23.1,233,66,,*05yef*
168,12,Nelson Rada,LAA,OF,2022,2027,18.7,176,8,,*05yib*
169,12,Justin Crawford,PHI,OF,2022,2026,20.3,202,33,,*05y30*
170,12,Justyn-Henry Malloy,DET,3B,2021,2024,24.2,163,-7,UP,*05uy1*
171,12,Welbyn Francisca,CLE,SS,2023,2028,18,167,-4,,*066mk*
172,12,Dillon Head,SD,OF,2023,2026,19.6,183,11,,*066nq*
173,12,Chase Davis,STL,OF,2023,2025,22.4,160,-13,,*05jrf*
174,12,Blade Tidwell,NYM,P,2022,2024,22.9,217,43,,*05u2q*
175,13,Kevin McGonigle,DET,SS,2023,2026,19.7,185,10,,*05yby*
176,13,Emil Morales,LAD,SS,2024,2027,17.6,170,-6,,*06ibo*
177,13,Ryan Bliss,SEA,SS,2021,2025,24.4,179,2,,*05tc7*
178,13,Tai Peete,SEA,SS,2023,2026,18.7,252,74,,*06c7i*
179,13,Edwin Arroyo,CIN,SS,2021,2025,20.7,173,-6,,*05rcj*
180,13,Dustin Harris,TEX,OF,2019,2024,24.8,284,104,UP,*0518r*
181,13,Max Muncy,OAK,SS,2021,2026,21.7,463,282,,*05t9l*
182,13,Sterlin Thompson,COL,"3B,OF",2022,2024,22.9,166,-16,,*05jsc*
183,13,Connor Phillips,CIN,P,2020,Debuted,23,134,-49,,*05jpe*
184,13,Colin Houck,NYM,SS,2023,2026,19.6,178,-6,,*066nf*
185,13,Johnathan Rodriguez,CLE,OF,2016,2024,24.5,349,164,,*04gdw*
186,13,Luke Adams,MIL,3B,2022,2025,20,180,-6,,*06582*
187,13,Jaden Hamm,DET,P,2023,2025,21.7,221,34,,*06f0u*
188,13,Jansel Luis,ARI,2B,2022,2027,19.2,182,-6,,*061zn*
189,13,Brandon Winokur,MIN,"SS,OF",2023,2026,19.4,224,35,,*06dnc*
190,13,Mac Horvath,BAL,3B,2023,2024,22.3,184,-6,,*05yha*
191,13,Rayner Arias,SF,OF,2023,2026,18,186,-5,,*066mw*
192,13,Robert Calaz,COL,OF,2023,2027,18.4,187,-5,,*066mo*
193,13,Nathan Martorella,SD,1B,2022,2025,23.2,161,-32,UP,*0648v*
194,13,Ben Rice,NYY,C,2021,2024,25.2,199,5,,*05yo5*
195,14,Fernando Cruz,CHC,SS,2024,2027,17.5,190,-5,,*05yck*
196,14,Charlee Soto,MIN,P,2023,2026,18.7,299,103,,*05zq5*
197,14,Alexander Canario,CHC,UT,2016,Debuted,24,192,-5,,*04hi6*
198,14,Victor Mesa Jr.,MIA,OF,2018,2024,22.7,376,178,,*04y79*
199,14,Denzel Clarke,OAK,OF,2021,2024,24,138,-61,UP,*05unf*
200,14,Blake Dunn,CIN,OF,2021,2024,25.7,171,-29,,*05jr5*
201,14,Troy Melton,DET,P,2022,2025,23.4,236,35,,*05uc4*
202,14,Jackson Ferris,LAD,P,2022,2026,20.3,200,-2,,*05u6g*
203,14,Landen Maroudis,TOR,P,2023,2027,19.4,348,145,,*06dq2*
204,14,Hayden Birdsong,SF,P,2022,2025,22.7,241,37,,*06650*
205,14,Luke Keaschall,MIN,2B,2023,2025,21.7,296,91,,*05zh9*
206,14,Kendall George,LAD,OF,2023,2026,19.5,203,-3,,*06cql*
207,14,Josh Knoth,MIL,P,2023,2026,18.7,204,-3,,*069zn*
208,14,Logan Henderson,MIL,P,2021,2025,22.2,205,-3,,*05uo2*
209,14,Julian Aguiar,CIN,P,2021,2025,22.9,206,-3,,*05yg3*
210,14,Wikelman Gonzalez,BOS,P,2018,2025,22.1,198,-12,,*052ht*
211,14,Ben Brown,CHC,P,2017,Debuted,24.7,278,67,,*04o2w*
212,14,Payton Martin,LAD,P,2022,2025,20,208,-4,,*066dq*
213,14,Colton Ledbetter,TB,OF,2023,2025,22.5,258,45,,*0689z*
214,14,Hunter Goodman,COL,"OF,UT",2021,Debuted,24.6,209,-5,,*05u2v*
215,14,Luis Morales,OAK,P,2023,2026,21.6,210,-5,,*0662m*
216,14,Cristofer Torin,ARI,2B,2022,2026,18.9,322,106,,*063dm*
217,14,Jonny Deluca,TB,OF,2019,Debuted,25.8,158,-59,,*04y94*
218,14,Alex Ramirez,NYM,OF,2019,2025,21.3,268,50,DOWN,*0526a*
219,15,Jakob Marsee,SD,OF,2022,2025,22.9,215,-4,,*065ji*
220,15,Gabriel Rincones Jr.,PHI,OF,2022,2026,23.2,216,-4,UP,*0630f*
221,15,Ignacio Alvarez,ATL,3B,2022,2026,21.1,218,-3,,*064da*
222,15,Angel Genao,CLE,SS,2021,2027,20,406,184,,*05r5e*
223,15,Kyle Hurt,LAD,P,2020,Debuted,25.9,222,-1,,*05jq7*
224,15,Alfredo Duno,CIN,C,2023,2028,18.3,223,-1,,*06626*
225,15,Diego Velasquez,SF,SS,2021,2026,20.6,339,114,,*05r5f*
226,15,Ben Williamson,SEA,3B,2023,2025,23.5,353,127,,*06dqd*
227,15,Nick Frasso,LAD,P,2020,2024,25.5,172,-55,,*05jpo*
228,15,Carlos Jorge,CIN,SS,2021,2026,20.6,189,-39,UP,*05rf5*
229,15,Paulino Santana,TEX,OF,2024,2027,17.5,245,16,,*06ho7*
230,15,Jose Corniell,TEX,P,2019,2025,20.9,227,-3,,*05gx5*
231,15,Blake Wolters,KC,P,2023,2026,19.5,211,-20,,*06c1k*
232,15,Jhancarlos Lara,ATL,P,2021,2026,21.3,229,-3,,*06cev*
233,15,Alex Clemmey,CLE,P,2023,2026,18.8,230,-3,,*06bfu*
234,15,Mike Boeve,MIL,3B,2023,2025,22,343,109,,*06dnb*
235,15,Victor Bericoto,SF,OF,2018,2024,22.4,232,-3,,*051wu*
236,15,Winston Santos,TEX,P,2019,2025,22.1,895,659,,*061lj*
237,15,Dominic Hamel,NYM,P,2021,2024,25.2,234,-3,,*05udy*
238,15,Michael Arroyo,SEA,SS,2022,2027,19.5,265,27,,*05yid*
239,15,Blake Mitchell,KC,C,2023,2026,19.8,323,84,,*05y3q*
240,15,Keiner Delgado,NYY,SS,2020,2027,20.3,239,-1,,*061z7*
241,15,Jeral Perez,LAD,SS,2022,2027,19.5,363,122,,*061mj*
242,15,Yoniel Curet,TB,P,2019,2025,21.5,251,9,,*05uec*
243,15,Yordanny Monegro,BOS,P,2020,2025,21.5,197,-46,,*06c28*
244,15,J.R. Ritchie,ATL,P,2022,2026,20.9,243,-1,,*05tzo*
245,15,Andy Perez,COL,SS,2021,2026,19.9,470,225,,*06aw7*
246,15,Brice Matthews,HOU,SS,2023,2024,22.1,246,0,,*06c36*
247,15,Grant Taylor,CHW,P,2023,2026,22,362,115,,*066er*
248,15,Dyan Jorge,COL,SS,2022,2026,21.1,248,0,,*05r9e*
249,15,Frederick Bencosme,BAL,SS,2020,2025,21.4,541,292,UP,*05ykx*
250,15,Enmanuel Tejeda,NYY,SS,2022,2027,19.4,250,0,,*0638j*
251,15,Adrian Del Castillo,ARI,C,2021,2024,24.6,615,364,,*05jn0*
252,15,Nick Yorke,BOS,2B,2020,2024,22.1,238,-14,,*05js7*
253,15,David Sandlin,BOS,P,2022,2024,23.2,253,0,,*062pn*
254,15,Jesus Baez,NYM,SS,2022,2026,19.2,509,255,,*061rf*
255,15,Victor Hurtado,WSH,OF,2024,2027,16.9,254,-1,,*06i06*
256,15,Waner Luciano,HOU,3B,2022,2026,19.3,255,-1,,*061zq*
257,15,Jack Hurley,ARI,OF,2023,2025,22.1,256,-1,,*060u1*
258,15,Myles Naylor,OAK,3B,2023,2026,19.1,257,-1,,*06cqm*
259,15,Royber Salinas,OAK,P,2018,2024,23.1,359,100,,*05wy3*
260,15,Ty Floyd,CIN,P,2023,2025,22.7,194,-66,,*05u2l*
261,15,Keider Montero,DET,P,2016,2024,23.8,259,-2,,*05a1v*
262,15,Jacob Wilson,OAK,SS,2023,2025,22.1,345,83,,*0622t*
263,15,Richard Fitts,BOS,P,2021,2025,24.4,269,6,,*05rav*
264,15,Mitchell Parker,WSH,P,2020,Debuted,24.6,474,210,,*05jqy*
265,15,Hyun-Seok Jang,LAD,P,2023,2026,20.1,261,-4,,*06f8f*
266,15,Emiliano Teodo,TEX,P,2020,2025,23.2,262,-4,,*05uo4*
267,16,Byron Chourio,MIN,OF,2022,2026,19,573,306,,*063dn*
268,16,Drew Romo,COL,C,2020,2024,22.7,264,-4,,*05gwr*
269,16,Blaze Jordan,BOS,1B,2020,2024,21.4,201,-68,UP,*04nq4*
270,16,Druw Jones,ARI,OF,2022,2025,20.4,112,-158,,*05tdk*
271,16,Trey Sweeney,LAD,SS,2021,2024,24,181,-90,,*05tuw*
272,16,Sawyer Gipson-Long,DET,P,2019,Debuted,26.4,195,-77,,*0514z*
273,16,Yohandy Morales,WSH,SS,2023,2025,22.6,244,-29,,*05js4*
274,16,Marco Vargas,NYM,2B,2022,2027,19,249,-25,,*06249*
275,16,Juan Baez,MIL,SS,2022,2026,18.9,441,166,,*06c2b*
276,16,Blaze Alexander,ARI,SS,2018,Debuted,24.9,421,145,,*04pvs*
277,16,Matt Mervis,CHC,1B,2020,Debuted,26.1,289,12,,*05ojj*
278,16,Austin Shenton,TB,3B,2019,Debuted,26.3,266,-12,,*04y98*
279,16,Bradley Blalock,MIL,P,2019,2025,23.4,267,-12,,*0579z*
280,16,Diego Cartaya,LAD,C,2018,2024,22.7,207,-73,UP,*04p0h*
281,16,Jhonkensy Noel,CLE,3B,2017,2024,22.8,312,31,DOWN,*04yrs*
282,16,Wilmer Flores,DET,P,2020,2024,23.2,270,-12,,*05ww2*
283,16,Spencer Arrighetti,HOU,P,2021,Debuted,22.3,371,88,,*05y0j*
284,16,Braxton Ashcraft,PIT,P,2018,2024,24.6,475,191,,*04pmq*
285,16,Yu-Min Lin,ARI,P,2021,2025,20.8,273,-12,,*061wi*
286,16,Patrick Reilly,PIT,P,2023,2025,22.6,611,325,,*05jpm*
287,16,Orion Kerkering,PHI,P,2022,Debuted,23.1,275,-12,,*06491*
288,16,Landen Roupp,SF,P,2021,Debuted,25.7,276,-12,,*05y72*
289,16,Cristian Mena,ARI,P,2019,2025,21.4,277,-12,,*05ita*
290,16,Brett Wichrowski,MIL,P,2023,2026,21.7,NR,#VALUE!,,*06huh*
291,16,Aidan Curry,TEX,P,2020,2025,21.8,279,-12,,*06b49*
292,16,Mike Vasil,NYM,P,2021,2024,24.1,235,-57,,*04ok0*
293,16,Luis Perales,BOS,P,2019,2025,21.1,196,-97,,*05gd5*
294,16,Adam Serwinowski,CIN,P,2022,2026,19.9,528,234,,*066az*
295,16,DJ Herz,WSH,P,2019,2024,23.3,281,-14,,*0516h*
296,16,Jose Fleury,HOU,P,2021,2025,22.2,282,-14,,*066qg*
297,16,Damiano Palmegiani,TOR,3B,2021,2024,24.3,283,-14,UP,*05wbq*
298,16,Jackson Baumeister,BAL,P,2023,2025,21.8,454,156,,*05u9j*
299,16,Deyvison De Los Santos,CLE,3B,2019,2025,20.9,315,16,DOWN,*05nsq*
300,16,Landon Knack,LAD,P,2020,Debuted,26.8,304,4,,*05l9f*
301,16,Gino Groover,ARI,SS,2023,2025,22.1,286,-15,,*05yj5*
302,16,John Cruz,MIA,OF,2022,2027,18.7,287,-15,,*06200*
303,16,Michael Kennedy,PIT,P,2022,2026,19.4,301,-2,,*0647m*
304,16,Darell Hernaiz,OAK,SS,2019,Debuted,22.8,288,-16,,*05145*
305,16,Hunter Barco,PIT,"1B,P",2022,2025,23.4,298,-7,,*04nb5*
306,16,A.J. Vukovich,ARI,3B,2020,2024,22.8,331,25,,*05jql*
307,16,Derek Bernard,COL,SS,2022,2027,18.7,291,-16,,*0633e*
308,16,Justice Bigbie,DET,3B,2021,2025,25.3,292,-16,,*05ylo*
309,16,George Wolkow,CHW,3B,2023,2026,18.3,293,-16,,*05u2o*
310,16,Yandel Ricardo,KC,SS,2024,2028,17.6,294,-16,,*06ibq*
311,16,Jared Serna,NYY,2B,2019,2025,21.9,338,27,UP,*062jx*
312,16,Owen White,TEX,P,2018,Debuted,24.7,296,-16,,*04pms*
313,16,Mason Barnett,KC,P,2022,2025,23.5,297,-16,,*0630h*
314,16,A.J. Blubaugh,HOU,P,2022,2024,23.8,NR,#VALUE!,,*0649e*
315,16,Daniel Espino,CLE,P,2019,2024,23.3,122,-193,,*04ya2*
316,16,Barrett Kent,LAA,P,2023,2026,19.6,300,-16,,*067xl*
317,16,Jarlin Susana,WSH,P,2022,2026,20.1,355,38,,*05y7n*
318,16,Mason Montgomery,TB,P,2021,2024,23.9,302,-16,,*05y2k*
319,16,George Valera,CLE,OF,2017,2024,23.5,303,-16,UP,*04fqi*
320,16,Kumar Rocker,TEX,P,2022,2024,24.5,320,0,,*04azu*
321,16,Steven Echavarria,OAK,P,2023,2027,18.7,347,26,,*06cqx*
322,16,Michael Forret,BAL,P,2023,2026,20.1,NR,#VALUE!,,*06hwt*
323,16,Quinn Mathews,STL,P,2023,2025,23.6,654,331,,*060gd*
324,16,Kevin Parada,NYM,C,2022,2025,22.8,308,-16,UP,*05jrc*
325,16,Eduardo Tait,PHI,C,2023,2027,17.7,589,264,,*06bsb*
326,16,Kahlil Watson,CLE,SS,2021,2025,21.1,309,-17,,*05rau*
327,16,Nazzan Zanetello,BOS,SS,2023,2026,18.9,330,3,,*067xn*
328,16,Jeffry Rosa,NYM,OF,2023,2027,19.6,311,-17,,*067zp*
329,16,Enmanuel Bonilla,TOR,OF,2023,2028,18.3,332,3,,*062hy*
330,16,Spencer Horwitz,TOR,UT,2019,Debuted,26.5,313,-17,,*051ia*
331,16,Austin Gauthier,LAD,SS,2021,2025,25,368,37,UP,*0629a*
332,16,Franklin Arias,BOS,SS,2023,2027,18.5,997,665,,*06c78*
333,16,Ivan Melendez,ARI,1B,2022,2025,24.3,316,-17,,*060ih*
334,16,Haydn McGeary,CHC,"C,1B",2022,2025,24.6,285,-49,UP,*0603s*
335,16,Ruben Santana,ARI,3B,2022,2026,19.2,317,-18,,*061tr*
336,16,Logan Evans,SEA,P,2023,2026,22.9,NR,#VALUE!,,*06hv8*
337,16,Joey Cantillo,CLE,P,2017,2024,24.4,318,-19,,*04eos*
338,16,Brandon Sproat,NYM,P,2023,2025,23.6,351,13,,*0515o*
339,16,Gavin Cross,KC,OF,2022,2025,23.2,371,32,,*05tcd*
340,16,Jake Bloss,HOU,P,2023,2026,22.9,363,23,,*06dqi*
341,16,Carlos Rodriguez,MIL,P,2021,2025,22.4,220,-121,,*05yf9*
342,16,Sean Sullivan,COL,P,2023,2025,21.8,578,236,,*06ahu*
343,17,Drake Baldwin,ATL,C,2022,2025,23.1,378,35,,*0630d*
344,17,Cole Schoenwetter,CIN,P,2023,2026,19.6,325,-19,,*067xk*
345,17,Travis Sykora,WSH,P,2023,2026,20,326,-19,,*05ycl*
346,17,Zander Mueth,PIT,"3B,RP",2023,2026,18.9,327,-19,,*05y3m*
347,17,Jacob Gonzalez,CHW,3B,2023,2025,21.9,375,28,,*05tzp*
348,17,Jacob Berry,MIA,3B,2022,2024,23,329,-19,,*05t5m*
349,17,Parker Messick,CLE,P,2022,2024,23.5,564,215,,*05tzn*
350,17,Colton Gordon,HOU,P,2021,2024,25.4,353,3,,*05yfi*
351,17,Luis Vazquez,CHC,SS,2017,2024,24.6,364,13,,*04ens*
352,17,Brooks Baldwin,CHW,1B,2021,2025,23.7,871,519,,*062z3*
353,17,Lyon Richardson,CIN,P,2018,Debuted,24.3,352,-1,,*04pmo*
354,17,Dawel Joseph,SEA,SS,2024,2028,17,335,-19,,*06hys*
355,17,Robert Arias,CLE,OF,2024,2028,17.6,336,-19,,*06ibn*
356,17,Jorbit Vivas,NYY,2B,2017,2024,23.2,337,-19,,*05a1t*
357,17,Trevor Werner,KC,3B,2023,2025,23.7,321,-36,,*06fqz*
358,17,Carson Palmquist,COL,P,2022,2026,23.5,431,73,,*05ybw*
359,17,Peyton Pallette,CHW,P,2022,2025,23,384,25,,*05u38*
360,17,Spencer Schwellenbach,ATL,P,2021,2025,23.9,510,150,,*05tq1*
361,17,C.J. Kayfus,CLE,1B,2023,2025,22.5,462,101,,*06dn6*
362,17,Lonnie White,PIT,OF,2021,2025,21.3,372,10,,*05t9m*
363,17,Daylen Lile,WSH,OF,2021,2026,21.4,342,-21,,*05t2b*
364,17,Aaron Zavala,TEX,OF,2021,2024,23.9,305,-59,UP,*05toy*
365,17,Sammy Stafura,CIN,SS,2023,2026,19.5,344,-21,,*06c1m*
366,17,Zach Levenson,STL,OF,2023,2026,22.2,602,236,,*06f1n*
367,17,Rece Hinds,CIN,3B,2019,2024,23.7,314,-53,,*04nb4*
368,17,Eric Bitonti,MIL,SS,2023,2026,18.5,366,-2,,*05yed*
369,17,Jonathan Cannon,CHW,P,2022,Debuted,23.8,501,132,,*05rb2*
370,17,Matthew Etzel,BAL,OF,2023,2025,22,411,41,,*06fut*
371,17,Leonardo Balcazar,CIN,SS,2021,2026,19.9,310,-61,,*05unp*
372,17,Adolfo Sanchez,CIN,OF,2024,2028,17.6,350,-22,,*06hyt*
373,17,Rafael Ramirez,CLE,SS,2022,2026,18.8,334,-39,,*061zl*
374,17,Jose Perdomo,ATL,SS,2024,2027,17.6,373,-1,,*067z8*
375,17,Won-Bin Cho,STL,OF,2021,2025,20.7,374,-1,UP,*05ygg*
376,17,Darren Bowen,MIN,P,2022,2025,23.2,354,-22,,*066lp*
377,17,Adrian Santana,TB,SS,2023,2026,18.8,324,-53,,*06bfv*
378,17,Hiro Wyatt,KC,P,2023,2026,19.7,356,-22,,*06dqf*
379,17,Brandon Barriera,TOR,P,2022,2026,20.2,357,-22,,*05rfo*
380,17,Ricardo Yan,ARI,P,2021,2025,21.5,358,-22,,*066sv*
381,17,Joey Estes,OAK,P,2019,Debuted,22.6,380,-1,,*051cl*
382,18,Jace Bohrofen,TOR,OF,2023,2025,22.5,376,-6,,*05gx3*
383,18,Bryan Rincon,PHI,SS,2022,2025,20.2,555,172,,*066lf*
384,18,Chandler Simpson,TB,OF,2022,2025,23.5,598,214,,*0622w*
385,18,Anthony Gutierrez,TEX,OF,2022,2026,19.4,360,-25,,*05wy2*
386,18,Reid Vanscoter,SEA,P,2022,2025,25.4,388,2,,*064wg*
387,18,Andry Lara,WSH,P,2019,2025,21.3,1368,981,,*052kc*
388,18,Rayne Doncon,MIN,SS,2021,2026,20.6,489,101,,*05r6f*
389,18,Kenedy Corona,HOU,OF,2019,2025,24.1,412,23,,*05aid*
390,18,Sem Robberse,STL,P,2019,2024,22.6,714,324,,*05gea*
391,18,Austin Charles,KC,SS,2022,2026,20.5,365,-26,,*0647z*
392,18,Cam Fisher,HOU,OF,2023,2025,22.9,392,0,UP,*06amp*
393,18,Tjayy Walton,PHI,OF,2023,2027,19.3,394,1,,*05u9p*
394,18,Eduardo Herrera,CHW,3B,2024,2028,17.5,295,-99,,*06hip*
395,18,Robert Hassell III,WSH,OF,2020,2024,22.7,369,-26,,*05gbe*
396,18,Quinn McDaniel,SF,2B,2023,2025,21.6,NR,#VALUE!,,*06eks*
397,18,Jeremy Rodriguez,NYM,SS,2023,2027,17.8,422,25,,*066o8*
398,18,Ben Kudrna,KC,P,2021,2025,21.3,497,99,,*05t9i*
399,18,Jonah Tong,NYM,P,2022,2026,20.9,505,106,,*0658b*
400,18,Gavin Conticello,ARI,3B,2021,2026,20.9,572,172,,*05xq6*
401,18,Joander Suarez,NYM,P,2018,2025,24.2,383,-18,,*055hw*
402,18,Will Wagner,HOU,2B,2021,2024,25.8,418,16,UP,*05yhg*
403,18,Jake Gelof,LAD,3B,2023,2026,22.2,377,-26,,*060g1*
404,18,Josh Stephan,TEX,P,2020,2025,22.5,385,-19,,*05y5g*
405,18,Cayden Wallace,KC,3B,2022,2024,22.7,379,-26,,*05jq9*
406,18,Jake Eder,CHW,P,2020,2024,25.7,438,32,,*05gwt*
407,18,Carter Jensen,KC,C,2021,2025,20.8,641,234,UP,*05vy5*
408,18,Jack Brannigan,PIT,3B,2021,2025,23.2,382,-26,,*0630j*
409,18,Clayton Beeter,NYY,P,2020,Debuted,25.6,446,37,,*05jnq*
410,18,Luis Serna,NYY,P,2021,2027,19.8,537,127,,*05uve*
411,18,Angel Martinez,CLE,SS,2018,2024,22.3,511,100,,*04ydd*
412,18,Max Anderson,DET,3B,2023,2025,22.2,398,-14,,*06dmp*
413,18,Joe Whitman,SF,P,2023,2024,22.6,387,-26,,*06c1l*
414,18,Braylin Morel,TEX,OF,2023,2027,18.3,402,-12,,*06dq5*
415,18,Brando Mayea,NYY,OF,2023,2027,18.6,389,-26,,*05rez*
416,18,Trey Lipscomb,WSH,3B,2022,Debuted,23.9,856,440,,*0612z*
417,18,Elijah Green,WSH,OF,2022,2025,20.4,231,-186,,*05oek*
418,18,Brock Selvidge,NYY,P,2021,2025,21.7,406,-12,,*05u9l*
419,18,Wilfred Veras,CHW,3B,2019,2025,21.5,420,1,,*05nsi*
420,18,Zack Showalter,STL,P,2022,2027,20.3,393,-27,,*064ni*
421,19,Austin Martin,MIN,"SS,OF",2020,Debuted,25.1,414,-7,UP,*05249*
422,19,Osleivis Basabe,TB,SS,2017,Debuted,23.6,328,-94,,*04ni5*
423,19,Luis Suisbel,SEA,3B,2019,2025,21,410,-13,,*05aku*
424,19,Nolan McLean,NYM,3B,2023,2025,22.8,645,221,,*05y7s*
425,19,Zebby Matthews,MIN,P,2022,2025,24,694,269,,*066cf*
426,19,Noah Cameron,KC,P,2021,2024,24.8,577,151,,*05ycf*
427,19,Mason Adams,CHW,P,2022,2025,24.2,658,231,,*06657*
428,19,Braylin Tavera,BAL,OF,2022,2026,19.2,399,-29,,*05ygp*
429,19,Marvin Alcantara,BOS,2B,2022,2026,19.5,NR,#VALUE!,,*061x3*
430,19,Jhonny Severino,PIT,SS,2022,2027,19.5,400,-30,,*05yim*
431,19,Elias Medina,LAD,SS,2023,2027,18.5,401,-30,,*06cmq*
432,19,Frank Mozzicato,KC,P,2021,2026,20.9,491,59,,*05tcb*
433,19,Jorge Barrosa,ARI,OF,2017,Debuted,23.2,403,-30,UP,*04mrb*
434,19,Franco Aleman,CLE,P,2021,2024,23.9,NR,NA,,*05y5l*
435,19,Starlyn Caba,PHI,SS,2023,2027,18.4,549,114,,*066mx*
436,19,Chase Meidroth,BOS,SS,2022,2025,22.8,451,15,,*0648n*
437,19,Alfonsin Rosario,CHC,OF,2023,2027,19.9,542,105,,*06f1h*
438,19,Zach Cole Jr.,HOU,OF,2022,2025,23.8,407,-31,,*066db*
439,19,Luis Guanipa,ATL,OF,2023,2028,18.4,408,-31,,*066me*
440,19,Thomas Sosa,BAL,OF,2022,2026,19.3,666,226,,*061zu*
441,19,Caleb Durbin,NYY,SS,2021,2024,24.2,592,151,,*05y4b*
442,19,Ben Cowles,NYY,"2B,3B,SS",2021,2024,24.2,843,401,,*05y6f*
443,19,Trystan Vrieling,NYY,P,2022,2025,23.6,941,498,,*0630b*
444,19,Mitch Jebb,PIT,SS,2023,2025,22,428,-16,,*066eq*
445,19,Wade Meckler,SF,OF,2022,Debuted,24,550,105,,*066cn*
446,19,Luis Cova,MIA,3B,2024,2028,17.3,413,-33,,*06ibu*
447,19,Shay Whitcomb,HOU,SS,2020,2023,25.6,448,1,,*05jqi*
448,19,Jeter Martinez,SEA,P,2023,2027,18.2,466,18,,*066m6*
449,19,Alexander Albertus,LAD,SS,2022,2027,19.5,478,29,,*06428*
450,19,Yovanny Rodriguez,NYM,C,2024,2028,17.5,433,-17,,*06hio*
451,19,Jackson Fristoe,NYY,P,2022,2026,23.2,NR,#VALUE!,,*05jr8*
452,19,Cameron Cauley,TEX,SS,2021,2025,21.2,419,-33,,*05uvx*
453,19,Benny Montgomery,COL,OF,2021,2025,21.7,468,15,,*05ray*
454,19,Kyren Paris,LAA,SS,2019,Debuted,22.5,290,-164,,*050s0*
455,19,Kala'I Rosario,MIN,"1B,OF",2020,2025,21.8,417,-38,UP,*05js9*
456,19,Yasser Mercedes,MIN,OF,2022,2026,19.5,424,-32,,*05ych*
457,19,Yeremi Cabrera,TEX,OF,2022,2027,18.8,425,-32,,*06c3v*
458,19,Jorge Quintana,MIL,SS,2024,2028,17.1,426,-32,,*06ibm*
459,19,Oswaldo Osorio,LAD,"3B,SS",2022,2027,19.1,415,-44,,*061z0*
460,19,Eric Brown,MIL,SS,2022,2025,23.4,361,-99,UP,*060jp*
461,19,Brailer Guerrero,TB,OF,2023,2028,17.9,531,70,,*066mz*
462,19,Matt Wilkinson,CLE,P,2023,2025,21.4,NR,NA,,*061vz*
463,19,Jorge Marcheco,LAA,P,2021,2026,21.7,429,-33,,*05xoo*
464,19,Elmer Rodriguez-Cruz,BOS,P,2021,2025,20.7,558,95,,*065j0*
465,19,C.J. Culpepper,MIN,P,2022,2025,22.5,712,248,,*05xpr*
466,19,Jackson Wolf,PIT,P,2021,Debuted,25,440,-25,,*06am6*
467,19,Wilfredo Lara,NYM,3B,2021,2026,20,457,-9,,*05gsp*
468,19,Jud Fabian,BAL,OF,2022,2025,23.6,568,101,,*05y7h*
469,19,Samuel Munoz,LAD,"3B,OF",2022,2027,19.6,416,-52,,*06aqk*
470,19,Garrett Baumann,ATL,P,2023,2027,19.7,533,64,,*05wxw*
471,19,Gordon Graceffo,STL,P,2021,2024,24.1,435,-35,,*05uee*
472,19,Reggie Crawford,SF,P,2022,2024,23.4,515,44,,*06ca0*
473,19,Kiefer Lord,BAL,P,2023,2025,21.9,456,-16,,*05yal*
474,19,Ronan Kopp,LAD,P,2021,2024,21.8,391,-82,,*05jqw*
475,19,Tyler Gentry,KC,OF,2020,2024,25.3,571,97,,*061a8*
476,19,Andrew Walters,CLE,P,2023,2024,23.4,439,-36,,*06dmq*
477,19,Kyle Carr,NYY,P,2023,2025,22,529,53,,*06ce9*
478,19,Aldrin Batista,CHW,P,2022,2026,21,608,131,,*066mt*
479,19,Gian Zapata,ARI,OF,2023,2027,18.6,495,17,,*06201*
480,19,Jose Rodriguez(MIN),MIN,OF,2022,2026,18.9,442,-37,,*06ica*
481,19,Joswa Lugo,LAA,SS,2024,2028,17.3,443,-37,,*06ckl*
482,19,Luis De Leon,BAL,P,2021,2026,21.1,484,3,,*06bkt*
483,19,Alex Pham,BAL,P,2021,2025,24.6,485,3,,*062h4*
484,19,Carlos Lagrange,NYY,P,2022,2026,20.9,526,43,,*051e0*
485,19,Will Simpson,OAK,"1B,OF",2023,2025,22.7,NR,#VALUE!,,*06cn1*
486,19,Chen-Wei Lin,STL,P,2023,2026,22.4,NR,#VALUE!,,*05yo1*
487,19,Justin Armbruester,BAL,P,2021,2024,25.5,811,325,,
488,19,Bailey Dees,NYY,P,2021,2025,25.2,NR,#VALUE!,,*05jpd*
489,19,Ian Seymour,TB,P,2020,2023,26.3,578,90,UP,*05gx4*
490,19,Dillon Dingler,DET,C,2020,2023,25.6,605,116,,*05yig*
491,19,Johanfran Garcia,BOS,C,2022,2026,19.4,681,191,,*05u6p*
492,19,Brant Hurter,DET,P,2021,2024,25.7,715,224,,*067xh*
493,19,Homer Bush Jr.,SD,OF,2023,2027,22.6,449,-43,,*06309*
494,19,Trevor Martin,TB,P,2022,2025,23.4,810,317,,*05jqk*
495,19,Carson Seymour,SF,P,2021,2024,25.4,513,19,,*06ek7*
496,19,Fernando Perez,TOR,P,2022,2026,20.2,582,87,,*068xw*
497,19,Alonzo Tredwell,HOU,P,2023,2025,22,546,50,,*05xq2*
498,19,Mitch Bratt,TEX,P,2021,2025,20.8,498,1,,*062yt*
499,19,Travis Honeyman,STL,OF,2023,2025,22.6,453,-45,,*060vu*
500,19,Moises Chace,BAL,P,2019,2026,20.9,691,192,,*051hu*
501,19,Dane Acker,TEX,P,2020,2024,25.1,754,254,UP,*05y3x*
502,19,Creed Willems,BAL,C,2021,2025,20.9,588,87,,*05adw*
503,19,Yeiner Fernandez,LAD,C,2019,2025,21.6,540,38,,*06iao*
504,19,Juan Flores,LAA,C,2023,2027,18.2,NR,#VALUE!,,*05rgp*
505,19,Yhoangel Aponte,TOR,OF,2021,2026,20.2,NR,#VALUE!,,*06ek6*
506,19,Emmett Olson,MIA,P,2023,2026,22,782,,,*05110*
507,19,Yiddi Cappe,MIA,SS,2021,2025,21.7,704,198,,*0662n*
508,19,Derniche Valdez,CHC,SS,2023,2028,18.1,458,-49,,*0662p*
509,19,Jun-Seok Shim,PIT,P,2023,2027,20.1,506,-2,,*06ibp*
510,19,Francisco Vilorio,NYY,OF,2024,2028,17.5,460,-49,,*06hyp*
511,19,Adriel Radney,ARI,OF,2024,2028,16.9,461,-49,,*06dna*
512,19,Isaiah Drake,ATL,OF,2023,2026,18.8,462,-49,,*04g7l*
513,19,Kristian Robinson,ARI,OF,2017,2024,23.4,423,-89,,*0648i*
514,19,Trace Bright,BAL,P,2022,2025,23.5,777,264,,*062yq*
515,19,Cade Kuehler,ATL,P,2023,2025,21.9,464,-50,,*06c3s*
516,19,Julio Zayas,NYM,C,2023,2027,18.2,488,-27,,*06f1b*
517,19,Brody Hopkins,SEA,P,2023,2026,22.3,NR,,,*05ua8*
518,19,Cooper Kinney,TB,2B,2021,2026,20.4,721,204,UP,*050vp*
519,19,Jose Ramos,LAD,OF,2018,2024,23.3,467,-51,,*0518m*
520,19,Jase Bowen,PIT,OF,2019,2024,23.7,427,-92,,*0622s*
521,19,Tanner Schobel,MIN,SS,2022,2025,22.9,469,-51,,*061yp*
522,19,Allan Castro,BOS,OF,2019,2025,20.9,470,-51,,*068z1*
523,19,Pablo Guerrero,TEX,OF,2023,2026,17.8,471,-51,,*06fto*
524,19,Nehomar Ochoa,HOU,OF,2023,2026,18.8,472,-51,,*05j8u*
525,19,Jhostynxon Garcia,BOS,OF,2019,2025,21.4,NR,#VALUE!,,*06c89*
526,19,Guillermo Williamson,SF,1B,2021,2026,20.1,473,-52,,*0642n*
527,19,Tyler Woessner,MIL,P,2022,2025,22.5,NR,#VALUE!,,*06fi0*
528,19,Sandy Mejia,HOU,P,2022,2026,20.3,397,-130,DOWN,*03pzl*
529,19,Jose Rodriguez,SEA,P,2018,Debuted,23,476,-52,,*06agc*
530,19,Jared Wegner,NYY,OF,2023,2025,24.8,873,344,,*061yt*
531,19,Alan Roden,TOR,1B,2022,2025,24.4,477,-53,,*05tzm*
532,19,Nathan Hickey,BOS,C,2021,2025,24.4,690,159,,*05rfv*
533,19,Wes Clarke,MIL,1B,2021,2024,24.6,479,-53,,*06dn5*
534,19,Jake Cunningham,BAL,OF,2023,2025,21.8,480,-53,,*060eu*
535,19,Ben Joyce,LAA,P,2022,Debuted,23.6,481,-53,,*0509b*
536,19,Prelander Berroa,CHW,P,2016,Debuted,24,482,-53,,*05rb4*
537,19,Sam Bachman,LAA,P,2021,Debuted,24.6,483,-53,,*06af4*
538,19,Carson Roccaforte,KC,OF,2023,2025,22.1,463,-74,,*060hm*
539,19,Cory Lewis,MIN,P,2022,2025,23.6,437,-101,,*05kel*
540,19,Shalin Polanco,PIT,OF,2021,2026,20.2,486,-53,,*05ydv*
541,19,Jorge Ruiz,LAA,OF,2021,2026,19.8,341,-199,,*04n0o*
542,19,Cole Wilcox,TB,P,2020,2024,24.8,499,-42,,*04pmp*
543,19,Simeon Woods-Richardson,MIN,P,2018,Debuted,23.6,798,256,,*05lg4*
544,19,Carson Ragsdale,SF,P,2020,2024,25.9,527,-16,,*05rbt*
545,19,Gregory Barrios,MIL,SS,2021,2026,20.1,937,393,,*05rb7*
546,19,Yeison Morrobel,TEX,OF,2021,2026,20.4,450,-95,,*060ou*
547,19,Aneudis Mordan,BAL,1B,2021,2026,19.9,595,49,,*06dn7*
548,19,A.J. Ewing,NYM,SS,2023,2026,19.7,490,-57,,*05m44*
549,19,Daniel Vazquez,KC,SS,2021,2026,20.1,1463,915,,*064nx*
550,19,Dylan O'Rae,MIL,SS,2022,2026,20.2,867,318,,*05jpu*
551,19,Daniel Susac,OAK,C,2022,2025,23,492,-58,,*05gx0*
552,19,Nick Loftin,KC,1B,2020,Debuted,25.6,493,-58,,*066sr*
553,19,Jimmy Joyce,SEA,P,2021,2024,25.3,494,-58,,*06aw2*
554,19,Samuel Aldegheri,PHI,P,2019,2025,22.6,820,267,,*05t9h*
555,19,Maddux Bruns,LAD,P,2021,2026,21.9,445,-109,,*06481*
556,19,Jacob Reimer,NYM,3B,2022,2025,20.2,496,-59,,*06ax0*
557,19,Michael Arias,CHC,P,2018,2025,22.5,444,-112,,*062e9*
558,19,Drue Hackenberg,ATL,P,2023,2026,22.1,522,-35,,*05ua3*
559,19,Walter Ford,SEA,P,2022,2026,19.3,516,-42,,*05wrt*
560,19,Tre' Morgan,TB,1B,2023,2025,21.8,500,-59,,*06kwn*
561,19,Jose Rodriguez(LAD),LAD,P,2019,2025,22.8,,-560,,*05gs6*
562,19,Zach DeLoach,CHW,OF,2020,2024,25.7,502,-59,,*06fuv*
563,19,Zach Penrod,BOS,P,2023,2024,26.9,523,-39,,*06488*
564,19,Steven Zobac,KC,P,2022,2025,23.6,504,-59,,*06aq4*
565,19,Andres Valor,MIA,OF,2023,2027,18.5,665,101,,*06dqt*
566,19,Joe Redfield,LAA,OF,2023,2026,22.5,465,-100,,*05uni*
567,19,Griff McGarry,PHI,P,2021,2024,24.9,507,-59,,*060if*
568,19,Josh Kasevich,TOR,SS,2022,2025,23.3,696,129,,*045on*
569,19,Eguy Rosario,SD,3B,2015,Debuted,24.7,508,-60,,*06485*
570,19,David McCabe,ATL,1B,2022,2025,24.1,340,-229,,*04up9*
571,19,Heriberto Hernandez,TB,C,2017,2024,24.4,909,339,,*061z2*
572,19,Erick Torres,KC,OF,2022,2026,19.4,756,185,,*0630l*
573,19,Nick Morabito,NYM,OF,2022,2026,21,1252,680,,*0648p*
574,19,Tyler Stuart,NYM,P,2022,2024,24.6,404,-169,,*062kc*
575,19,Marcos Torres,TEX,OF,2022,2027,19.6,512,-62,,*05rgq*
576,19,Kendry Rojas,TOR,P,2020,2025,21.4,525,-50,UP,*05tde*
577,19,Dominic Keegan,TB,1B,2022,2026,22.8,514,-62,,*0630a*
578,19,Michael Knorr,HOU,P,2022,2025,24,572,-5,,*04yi5*
579,19,Eddys Leonard,DET,SS,2017,2023,23.5,543,-35,,*062k6*
580,19,Juaron Watts-Brown,TOR,P,2023,2025,22.2,530,-49,,*06f0w*
581,19,Dylan Questad,MIN,P,2023,2026,19.5,532,-48,,*060fx*
582,19,Roc Riggio,NYY,2B,2023,2025,21.9,597,16,,*04ni4*
583,19,Leonardo Jimenez,TOR,SS,2017,2024,23,520,-62,,
584,19,Luke Gold,DET,2B,2022,2025,23.6,NR,#VALUE!,,*05xtu*
585,19,Will Dion,CLE,P,2021,2025,24,534,-50,,*05sr2*
586,19,Michael McGreevy,STL,P,2021,2024,23.8,535,-50,,*05ubl*
587,19,Gabriel Hughes,COL,P,2022,2026,22.7,524,-62,,*04pvl*
588,19,Michael Burrows,PIT,P,2018,2023,24.5,556,-31,,*06dqc*
589,19,Garret Forrester,PIT,1B,2023,2025,22.5,574,-14,,*06dn4*
590,19,Brock Rodden,SEA,2B,2023,2025,23.9,559,-30,,*0648r*
591,19,Andrew Morris,MIN,P,2022,2025,22.7,,-590,,*04xne*
592,19,Yoendrys Gomez,NYY,P,2016,Debuted,24.6,554,-37,,*06gum*
593,19,Kehden Hettiger,PHI,C,2023,2026,19.9,851,259,UP,*05gdv*
594,19,Pedro Leon,HOU,OF,2021,2024,25.9,561,-32,,*05y7q*
595,19,Chandler Champlain,KC,P,2021,2024,24.8,487,-107,,*0406n*
596,19,Andres Chaparro,ARI,3B,2015,2024,25,579,-16,,*06ahe*
597,19,Kemp Alderman,MIA,OF,2023,2025,21.7,584,-12,,*06c3t*
598,19,Mario Baez,ATL,SS,2023,2027,17.7,596,-1,,*066lz*
599,19,Andrew Cossetti,MIN,C,2022,2025,24.3,593,-5,,*06ftt*
600,19,Brady Smith,LAD,P,2023,2027,19.3,536,-63,,*051gu*
601,19,Josh Rivera,CHC,SS,2023,2025,23.6,432,-168,,*06hyr*
602,19,Daiber De Los Santos,MIN,SS,2024,2028,17.6,538,-63,,*06fpi*
603,19,Brian Kalmer,CHC,3B,2023,2025,23.7,459,-143,,*060i2*
604,19,Jake Bennett,WSH,P,2022,2025,23.4,386,-217,,*0648g*
605,19,Jackson Humphries,CLE,P,2022,2026,19.8,615,11,,*05up0*
606,19,Drew Gray,CHC,P,2021,2025,21,616,11,,*05zvm*
607,19,Hunter Owen,KC,P,2023,2025,22.3,617,11,,*05u2w*
608,19,Caden Grice,ARI,P,2023,2025,21.9,637,30,,*06ek5*
609,19,Andrew Pinckney,WSH,OF,2023,2025,23.4,541,-67,,*06cf4*
610,19,Roni Cabrera,KC,OF,2022,2027,18.8,562,-47,,*06dn1*
611,19,Nick Lorusso,NYM,3B,2023,2025,23.6,677,67,,*05gsf*
612,19,Aeverson Arteaga,SF,SS,2019,2025,21.1,544,-67,,*05yiu*
613,19,Antonio Anderson,BOS,SS,2023,2026,18.8,545,-67,,*06dmz*
614,19,Brock Vradenburg,MIA,1B,2023,2025,22.1,567,-46,,*05yiv*
615,19,Teddy McGraw,SEA,P,2023,2025,22.5,547,-67,,*051fl*
616,19,Cade Marlowe,SEA,OF,2019,Debuted,26.9,548,-67,,*05rgm*
617,19,Landon Sims,ARI,P,2022,2025,23.3,452,-164,,*06f0z*
618,19,Charles McAdoo,PIT,2B,2023,2026,22.2,872,255,,*05y34*
619,19,Tsung-Che Cheng,PIT,"2B,3B,SS",2019,2024,22.8,551,-67,,*06dsa*
620,20,Kyle Karros,COL,3B,2023,2025,21.8,685,66,,*051d0*
621,20,Troy Johnston,MIA,1B,2019,2024,26.9,553,-67,,*06f0q*
622,20,Kristian Campbell,BOS,SS,2023,2026,21.9,884,263,UP,*05xnt*
623,20,Gleider Figuereo,TEX,3B,2021,2026,19.9,947,325,,*062e2*
624,20,Dylan Ray,ARI,P,2022,2025,23,346,-277,,*051ui*
625,20,Jacob Lopez,TB,P,2018,Debuted,26.2,786,162,,*05jrk*
626,20,Justin Lange,NYY,P,2020,2024,22.6,557,-68,,*066f4*
627,20,Duncan Davitt,TB,P,2022,2025,24.6,NR,#VALUE!,,*05w8l*
628,20,William Bergolla,PHI,SS,2022,2026,19.5,600,-27,,*04ahd*
629,20,Yunior Severino,MIN,2B,2016,2024,24.6,560,-68,,*06ekm*
630,20,Devin Saltiban,PHI,OF,2023,2025,19.2,702,73,,*06c34*
631,20,Yorfran Medina,LAD,1B,2022,2027,19.3,686,56,,*05xu6*
632,20,Adam Maier,ATL,P,2022,2026,22.4,669,38,,*05rci*
633,20,Alex Mooney,CLE,SS,2023,2026,21.7,,-632,,*066k3*
634,20,Javier Vaz,KC,OF,2022,2025,23.6,564,-69,UP,*0513p*
635,20,Colin Barber,HOU,OF,2019,2023,23.4,590,-44,,*05y67*
636,20,Raylin Heredia,PHI,OF,2022,2026,20.5,566,-69,,*05y6w*
637,20,Hunter Dobbins,BOS,P,2021,2025,24.7,639,3,,*05y3y*
638,20,Logan Workman,TB,P,2021,2024,25.4,746,109,,*066td*
639,20,Derlin Figueroa,KC,1B,2021,2026,20.5,NR,,,*04pht*
640,20,Alberto Rodriguez,SEA,OF,2017,2024,23.6,569,-70,,*06ic7*
641,20,Andres Arias,TOR,OF,2024,2028,17.6,570,-70,,*06ekr*
642,20,Dylan Campbell,LAD,OF,2023,2025,21.8,834,193,,*061zx*
643,20,Edinson Batista,HOU,P,2019,2025,22,NR,#VALUE!,,*05un1*
644,20,Eddinson Paulino,BOS,2B,2018,2025,21.8,609,-34,,*05gwu*
645,20,Dax Fulton,MIA,P,2020,2024,22.6,573,-71,,*05lg1*
646,20,Carter Baumler,BAL,P,2020,2025,22.3,529,-116,,*05r9h*
647,20,Jacob Hurtubise,CIN,OF,2019,2023,26.4,575,-71,,*061zg*
648,20,Angel Bastardo,BOS,P,2018,2025,21.9,447,-200,,*04lls*
649,20,Ethan Hankins,CLE,P,2018,2024,24,455,-193,,*05mxd*
650,20,Cristhian Vaquero,WSH,OF,2022,2026,19.6,390,-259,,*06dn8*
651,20,Spencer Nivens,KC,OF,2023,2025,22.5,565,-85,,*05y7t*
652,20,Henry Bolte,OAK,OF,2022,2026,20.8,676,25,,*05y6v*
653,20,BJ Murray Jr.,CHC,3B,2021,2024,24.3,581,-71,,*06fzm*
654,20,Boston Baro,NYM,SS,2023,2026,19.7,670,17,,*066b6*
655,20,Sabin Ceballos,ATL,SS,2023,2026,21.7,583,-71,,*05xsp*
656,20,Henry Williams,KC,P,2022,2025,22.6,586,-69,,*05ybt*
657,20,Jared Karros,LAD,P,2022,2025,23.5,,-656,UP,*05rcw*
658,20,Leonardo Bernal,STL,C,2021,2025,20.2,585,-72,,*05yiq*
659,20,Leandro Arias,BAL,SS,2022,2026,19.2,621,-37,,*05gdq*
660,20,Cesar Prieto,STL,SS,2022,2024,25,587,-72,,*0517a*
661,20,Anthony Veneziano,KC,P,2019,2024,26.7,580,-80,,*060qg*
662,20,Mairoshendrick Martinus,LAD,SS,2022,2026,19.2,653,-8,,*0518g*
663,20,Trevor McDonald,SF,P,2019,2024,23.2,635,-27,,*04o4r*
664,20,Carlos De La Cruz,PHI,OF,2017,2024,24.6,591,-72,,*05ydh*
665,20,Dayan Frias,CLE,SS,2018,2024,21.9,592,-72,,*05u98*
666,20,Ryan Webb,CLE,P,2021,2024,25,673,8,,*04q1w*
667,20,Caleb Kilian,CHC,P,2019,Debuted,26.9,662,-4,,*06c35*
668,20,Jose Pirela,CLE,OF,2023,2027,18.1,594,-73,,*066mf*
669,20,Filippo Di Turri,MIL,SS,2023,2026,18.5,663,-5,,*05gs4*
670,20,Cole Henry,WSH,P,2020,2024,24.8,630,-39,UP,*05r3s*
671,20,Alejandro Osuna,TEX,OF,2020,2025,21.6,643,-27,,*06am5*
672,20,Luinder Avila,KC,P,2018,2025,22.7,519,-152,,*06bsh*
673,20,Javier Mogollon,CHW,2B,2023,2027,18.5,717,45,,*05m1a*
674,20,Ariel Almonte,CIN,OF,2021,2026,20.4,648,-25,,*05y4f*
675,20,Adrian Gil,CHW,P,2023,2027,18.5,601,-73,,*06f1c*
676,20,Jack Wenninger,NYM,P,2023,2026,22.1,NR,#VALUE!,,*06hvy*
677,20,Carlson Reed,PIT,P,2023,2026,21.4,NR,#VALUE!,,*068bz*
678,20,Wen Hui Pan,PHI,P,2023,2025,21.6,603,-74,,*0517z*
679,20,Mitch Spence,OAK,P,2019,Debuted,26,604,-74,,*06f1o*
680,20,Trevor Harrison,TB,P,2023,2027,18.7,659,-20,,*05xpu*
681,20,Christian McGowan,PHI,P,2021,2024,24.2,606,-74,,*06437*
682,20,Ricardo Olivar,MIN,C,2021,2025,22.7,788,107,,*06f15*
683,20,Cade Smith,NYY,P,2023,2026,22.1,650,-32,,*05y4t*
684,20,Jace Avina,NYY,OF,2021,2025,20.9,718,35,,*04pmv*
685,20,Brennen Davis,CHC,OF,2018,2024,24.5,610,-74,,*06ahd*
686,20,Seth Keener,CHW,P,2023,2026,22.6,888,203,,*0647p*
687,20,Jacob Zibin,CLE,P,2022,2027,19.3,612,-74,UP,*04elh*
688,20,Jacob Amaya,MIA,SS,2017,Debuted,25.7,599,-88,,*05n5o*
689,20,Victor Lizarraga,SD,P,2021,2026,20.4,614,-74,,*066n9*
690,20,Dario Laverde,LAA,C,2022,2026,19.2,758,69,,*06ahf*
691,20,Jake DeLeo,MIA,OF,2022,2025,22.9,754,64,,*06hvx*
692,20,Jarrod Cande,COL,P,2021,2024,24.7,726,35,,*05ycn*
693,20,Rhett Kouba,HOU,P,2021,2025,24.7,618,-74,,*04eud*
694,20,Shane Drohan,CHW,P,2020,2024,25.3,619,-74,,*0633d*
695,20,Michael Prosecky,COL,P,2019,2024,23.2,620,-74,,*05gwo*
696,20,Cristian Hernandez,CHC,SS,2021,2026,20.4,905,210,,*06fr0*
697,20,Dominic Pitelli,CIN,SS,2023,2026,22.3,NR,#VALUE!,,*06dq6*
698,20,Jack Mahoney,COL,P,2023,2025,22.7,769,72,,*05rk1*
699,20,Enmanuel Terrero,PIT,OF,2019,2025,21.6,622,-76,,*05y5h*
700,20,D.J. McCarty,TEX,P,2020,2025,21.7,623,-76,,*05xu1*
701,20,Alex Freeland,LAD,SS,2022,2026,22.7,,-700,,*062yw*
702,20,Trey Dombroski,HOU,P,2022,2025,23.1,624,-77,,*05rct*
703,20,Danyer Cueva,TEX,SS,2021,2027,19.9,625,-77,,*061p7*
704,20,Luis De Avila,ATL,P,2017,2024,22.9,626,-77,,*06ekl*
705,20,Cole Miller,OAK,P,2023,2027,19,627,-77,,*05ygt*
706,20,Yordany De Los Santos,PIT,SS,2022,2026,19.2,628,-77,,*05xso*
707,20,Bryan Acuna,MIN,SS,2022,2027,18.7,1007,301,UP,*05jqp*
708,20,Niko Kavadas,BOS,1B,2021,2024,25.5,816,109,,*05yer*
709,20,Patrick Monteverde,MIA,P,2021,2024,26.6,631,-77,,*0622o*
710,20,Axiel Plaz,PIT,C,2022,2027,18.7,632,-77,,*05r96*
711,20,Victor Acosta,CIN,SS,2021,2026,19.9,633,-77,,*05gs7*
712,20,Ian Bedell,STL,P,2020,2024,24.7,634,-77,,*05l9g*
713,20,Kyle Nicolas,PIT,P,2020,Debuted,25.2,756,44,,*068z4*
714,20,Jerson Alejandro,NYY,P,2023,2027,18.2,865,152,,*051e9*
715,20,Justin Campbell,CLE,P,2022,2025,23.2,737,23,,*05uwp*
716,20,Michael Morales,SEA,P,2021,2025,21.7,638,-77,,*05gwx*
717,20,Petey Halpin,CLE,OF,2020,2025,21.9,842,126,,*05rkf*
718,20,Misael Tamarez,HOU,P,2019,2024,24.3,,-717,,*0512w*
719,20,Shane Sasaki,MIA,OF,2019,2024,23.8,640,-78,,*064o6*
720,20,Gary Gill Hill,TB,P,2022,2026,19.6,823,104,,*05t9c*
721,20,Aaron Palensky,NYY,OF,2020,2024,25.7,642,-78,,*067xi*
722,20,Levi Wells,BAL,P,2023,2026,22.6,752,31,,*06akh*
723,20,Alfredo Alcantara,CIN,SS,2023,2027,18.5,644,-78,,*05u1x*
724,20,Cutter Coffey,BOS,SS,2022,2025,20,828,105,,*064ow*
725,20,Estuar Suero,PIT,OF,2022,2026,18.7,687,-37,,*060my*
726,20,Jared Dickey,KC,OF,2023,2025,22.2,647,-78,,*06hnr*
727,20,Pascanel Ferreras,HOU,SS,2023,2025,22.4,NR,,,*05yb0*
728,20,T.J. Rumfield,NYY,3B,2021,2024,24,649,-78,,*04prb*
729,20,Justin Jarvis,NYM,P,2018,2024,24.3,436,-292,,*050s3*
730,20,Blake Walston,ARI,P,2019,2023,22.9,651,-78,,*061bn*
731,20,Austin Peterson,CLE,P,2022,2025,24.6,NR,#VALUE!,,*066dd*
732,20,Sammy Natera Jr.,LAA,P,2022,2025,24.5,652,-79,,*05uc2*
733,20,Hayden Mullins,BOS,P,2022,2025,23.6,822,90,,*041vt*
734,20,Samad Taylor,SEA,"OF,UT",2016,Debuted,25.8,654,-79,,*05xpo*
735,20,Ryan Bergert,SD,P,2021,2024,24.2,,-734,,*05yc3*
736,20,Jacob Miller,MIA,P,2022,2025,20.7,655,-80,,*06dn9*
737,20,Julian Brock,TEX,C,2023,2025,22.9,656,-80,,*066bw*
738,20,Cedric De Grandpre,ATL,P,2022,2025,22.3,657,-80,,*06dqm*
739,20,Kevyn Castillo,LAA,OF,2022,2027,18.9,817,79,,*04yi7*
740,20,Matt Allan,NYM,P,2019,2024,23,742,3,,*03zxj*
741,20,Simon Muzziotti,PHI,OF,2016,Debuted,25.4,660,-80,,*051aa*
742,20,Porter Hodge,CHC,P,2019,2024,23.2,661,-80,,*05y4k*
743,20,Ben Casparius,LAD,P,2021,2024,25.2,710,-32,,*05r3k*
744,20,Carson Spiers,CIN,P,2020,Debuted,26.5,736,-7,,*060gl*
745,20,Ahbram Liendo,BOS,2B,2021,2027,20.3,NR,#VALUE!,,*05joq*
746,20,Connor Prielipp,MIN,P,2022,2025,23.3,517,-228,,*0663r*
747,20,Emmanuel Reyes,KC,P,2022,2025,20,730,-16,,*06cmc*
748,20,Alberto Rios,LAA,OF,2023,2025,22.1,667,-80,,*05itb*
749,20,Randy Vasquez,SD,P,2018,Debuted,25.5,668,-80,,*05ubo*
750,20,Andrew Taylor,HOU,P,2022,2025,22.4,707,-42,,*05rbw*
751,20,Esmerlyn Valdez,PIT,OF,2021,2025,20.3,701,-49,,*05y7y*
752,20,Mikey Romero,BOS,SS,2022,2026,20.3,671,-80,,*06hpy*
753,20,Mark Coley II,MIA,OF,2023,2026,23.4,NR,#VALUE!,,*06icf*
754,20,Naibel Mariano,CIN,SS,2024,2028,17.7,672,-81,,*05u32*
755,20,Diego Benitez,ATL,SS,2024,2026,19.5,673,-81,,*0568a*
756,20,Max Acosta,TEX,SS,2019,2024,21.5,674,-81,,
757,20,Nestor Lorant,CIN,P,2019,2025,22,NR,#VALUE!,,*0622m*
758,20,Ryan Cermak,TB,OF,2022,2025,22.9,784,27,,*05m1f*
759,20,Danny De Andrade,MIN,SS,2021,2026,20.1,762,4,,*06ibw*
760,20,Angel Feliz,WSH,3B,2024,2028,20.2,678,-81,,*06ezq*
761,20,Carlos Cauro,HOU,C,2022,2026,18.9,724,-36,,*0520t*
762,20,Javier D'Orazio,ARI,C,2021,2025,22.4,680,-81,,*05jqv*
763,20,Max Rajcic,STL,P,2022,2025,22.8,782,20,,*06c2c*
764,20,Sheng-En Lin,CIN,"SS,OF",2023,2026,18.8,682,-81,,*05m4a*
765,21,Cristian Santana,DET,SS,2021,2025,20.4,725,-39,,*05u2p*
766,21,Jaxon Wiggins,CHC,P,2023,2025,22.6,684,-81,,*05yma*
767,21,Cole Phillips,SEA,P,2022,2026,20.9,319,-447,,*05jry*
768,21,Hudson Haskin,BAL,OF,2020,2024,25.3,613,-154,,*06icb*
769,21,Bralyn Brazoban,PIT,OF,2024,2028,18.3,700,-68,,
770,21,Christopher Suero,NYM,C,2022,2026,20.3,NR,,,*04n1v*
771,21,Stanley Consuegra,NYM,OF,2017,2024,23.6,689,-81,,*05jpr*
772,21,Cole Foster,SF,SS,2023,2026,22.6,722,-49,,*04pw9*
773,21,Josiah Sightler,PIT,1B,2022,2025,24.5,691,-81,,*066b5*
774,21,Tayden Hall,MIL,C,2022,2026,21.3,,,,*05iyt*
775,21,Yujanyer Herrera,MIL,P,2019,2026,20.7,,-774,,*05lfz*
776,21,Jagger Haynes,SD,P,2020,2025,21.7,693,-82,,*05tpz*
777,21,Ky Bush,CHW,P,2021,2023,24.5,765,-11,,*0626r*
778,21,Bryant Betancourt,COL,1B,2021,2026,20.6,766,-11,,*064r5*
779,21,Natanael Yuten,BOS,OF,2022,2026,19.6,779,1,,*06655*
780,21,Brody McCullough,CHC,P,2022,2025,23.8,697,-82,,*0512n*
781,21,Grant Gambrell,BOS,P,2019,2024,26.5,,-780,,*051jg*
782,21,Alex McFarlane,PHI,P,2022,2025,22.9,698,-83,,*05xoq*
783,21,Shane Panzini,KC,P,2021,2025,22.5,699,-83,,*06248*
784,21,Ryan Lasko,OAK,OF,2023,2025,21.9,785,2,UP,*04z8z*
785,21,Yohendrick Pinango,CHC,OF,2018,2025,22,1019,235,,*05ydi*
786,21,Alexis Hernandez,CHC,SS,2022,2026,19.4,947,,,*04an8*
787,21,Wenceel Perez,DET,SS,2016,Debuted,24.5,703,-83,,*06f16*
788,21,Jay Beshears,SD,2B,2023,2026,22,,,,*05xyj*
789,21,Willy Vasquez,TB,SS,2019,2025,22.7,705,-83,,*06g2a*
790,21,Felix Arronde,KC,P,2021,2026,21,NR,#VALUE!,,*06bsa*
791,21,Erick Lara,TB,3B,2023,2026,17.9,744,-46,UP,*05rax*
792,21,Izaac Pacheco,DET,3B,2021,2025,21.5,708,-83,,*05ya3*
793,21,Brock Jones,TB,OF,2022,2024,22.9,709,-83,,*05y6h*
794,21,Vaun Brown,SF,OF,2021,2024,25.9,688,-105,,*06agh*
795,21,Yilber Diaz,ARI,P,2021,2024,23.7,711,-83,,*06gjw*
796,21,Bishop Letson,MIL,P,2023,2026,19.6,NR,#VALUE!,,*065j7*
797,21,Nolan DeVos,HOU,P,2022,2025,23.7,713,-83,,*06f1r*
798,21,Connelly Early,BOS,P,2023,2025,22.1,,-797,,*067yk*
799,21,Paul Wilson,DET,P,2023,2026,19.4,860,62,,*0622u*
800,21,Maui Ahuna,SF,SS,2023,2025,22.2,716,-83,UP,*05tay*
801,21,Tyler Hardman,NYY,3B,2021,2024,25.3,692,-108,,*060ur*
802,21,Maick Collado,CLE,1B,2019,2025,21.4,1111,310,,*06ic3*
803,21,Emilio Sanchez,BAL,SS,2024,2028,17.1,719,-83,,*06ibx*
804,21,Belfi Rivera,ARI,OF,2024,2028,17.4,720,-83,,*04yte*
805,21,Jackson Rutledge,WSH,P,2019,Debuted,25.1,607,-197,,*06fqe*
806,21,Braylen Wimmer,COL,SS,2023,2026,23.4,,,,*05u6l*
807,21,Luis Almeyda,BAL,SS,2023,2028,18,723,-83,,*04ehj*
808,21,Dane Myers,MIA,"OF,UT",2017,Debuted,28.2,683,-124,,*068c0*
809,21,Hunter Hollan,CIN,P,2023,2025,22.2,809,1,,*066pk*
810,21,Wyatt Crowell,LAD,P,2023,2025,22.6,815,6,,*06imz*
811,21,Allessandro Ercolani,PIT,P,2021,2026,20,NR,#VALUE!,,*05r3l*
812,21,Po-Yu Chen,PIT,P,2020,2025,22.6,727,-84,,*06ek0*
813,21,Dylan Jasso,NYY,3B,2023,2026,21.4,,,,*066mu*
814,21,Camilo Diaz,HOU,SS,2023,2025,18.7,729,-84,,*0624b*
815,21,Christopher Familia,NYY,OF,2019,2025,23.9,781,-33,UP,*0622n*
816,21,Max Wagner,BAL,3B,2022,2024,22.7,731,-84,,*06ek2*
817,21,Xavier Meachem,MIA,P,2023,2025,21.7,732,-84,,*06hvf*
818,21,Ethan Bosacker,KC,P,2023,2026,23.2,NR,#VALUE!,,*05jsf*
819,21,Will Sanders,CHC,P,2023,2025,22.1,733,-85,,*0642d*
820,21,Luis Torres,LAA,1B,2022,2026,20.3,734,-85,,*03djy*
821,21,Patrick Dorrian,MIL,3B,2014,2024,27.9,735,-85,,*061yk*
822,21,Marcos Castanon,SD,"2B,3B",2021,2024,25.1,827,6,,*06fzh*
823,21,Kannon Kemp,SD,P,2023,2026,19.7,783,-39,,*05rbh*
824,21,Justin Dirden,HOU,OF,2020,2024,26.8,738,-85,,*05y75*
825,21,Damon Keith,LAD,OF,2021,2025,23.9,739,-85,,*0515q*
826,21,Adam Macko,TOR,P,2019,2024,23.3,740,-85,,*066d8*
827,21,Isaac Coffey,BOS,P,2022,2025,23.9,741,-85,,*04zay*
828,21,Kai-Wei Teng,SF,P,2017,Debuted,25.4,870,43,UP,*05gds*
829,21,Cade Doughty,TOR,"2B,3B",2022,2025,23.1,743,-85,,*06cf5*
830,21,Jhocsuanth Vargas,TEX,C,2023,2027,17.7,787,-42,UP,*05yca*
831,21,Brett Harris,OAK,3B,2021,2024,25.9,745,-85,,*0512r*
832,21,Grant McCray,SF,OF,2019,2024,23.4,746,-85,,*05xon*
833,21,T.J. White,WSH,OF,2021,2026,20.8,747,-85,,*066mb*
834,21,Yerlin Luis,CLE,OF,2023,2026,18.6,847,14,,*05t25*
835,21,Ronny Simon,TB,2B,2018,2024,24,789,-45,,*05rdp*
836,21,Daniel Montesino,SD,OF,2021,2026,20.2,773,-62,,*06dqg*
837,21,Kade Morris,NYM,P,2023,2025,21.9,751,-85,,*05yfj*
838,21,Juan Mercedes,SEA,P,2017,2024,24.1,825,-12,,*06fqw*
839,21,Yahil Melendez,CHC,SS,2023,2027,18.7,753,-85,,*05m1d*
840,21,Manuel Beltre,TOR,SS,2021,2026,19.9,840,1,,*05ogp*
841,21,Ethan Wilson,PHI,OF,2021,2024,24.5,755,-85,,*05jpy*
842,21,Nick Swiney,SF,P,2020,2023,25.2,835,-6,,*0647k*
843,21,Cade Hunter,CIN,C,2022,2025,23.4,757,-85,,
844,21,Albertson Asigen,CHW,OF,2021,2026,22.7,NR,,,*05yc6*
845,21,Christian Knapczyk,CLE,2B,2023,2025,22.4,759,-85,,*05ymd*
846,21,Jacob Wetzel,CHC,OF,2021,2025,24.1,,,,*062l0*
847,21,Jadher Areinamo,MIL,SS,2021,2026,20.4,761,-85,,*0630g*
848,21,Joe Lampe,CLE,OF,2022,2026,23.4,832,-15,,*05xu2*
849,21,Ryan Ritter,COL,SS,2022,2025,23.5,763,-85,,*06432*
850,21,Anthony Hall,NYY,OF,2022,2025,23.2,764,-85,,*066ez*
851,21,Romeo Sanabria,SD,C,2022,2026,22,,,,*06gjh*
852,21,Sam Mongelli,LAD,SS,2023,2026,23.2,,,,*060xy*
853,21,Jose Gerardo,MIA,OF,2022,2027,18.9,767,-85,,*06eyo*
854,21,Luis Ogando,NYY,SS,2021,2026,20.6,778,-75,,*06ag3*
855,21,Abraham Nunez,CHW,OF,2023,2027,18.2,814,-40,,*04z6l*
856,21,Juan Carela,CHW,P,2018,2025,22.4,770,-85,,*06f1e*
857,21,Lucas Gordon,CHW,P,2023,2026,22.2,,,,*05jws*
858,21,Chris Newell,LAD,OF,2022,2025,23,772,-85,,*05rbu*
859,21,Daniel Guilarte,MIL,SS,2021,2025,20.5,808,-50,,*04ru8*
860,21,Jairo Pomares,SF,OF,2018,2023,23.8,774,-85,,*0648j*
861,21,Seth Keller,ATL,P,2022,2026,19.9,894,34,,*05r16*
862,21,Jean Pinto,BAL,P,2019,2025,23.3,776,-85,,*065j9*
863,21,Sammy Hernandez,STL,C,2022,2026,19.9,NR,,,*064nf*
864,21,Emaarion Boyd,PHI,OF,2022,2025,20.7,845,-18,,*06ibs*
865,21,Leonardo Pineda,TB,OF,2024,2027,17,873,9,,*062dz*
866,21,Loidel Chapelli,CHW,2B,2022,2025,22.4,780,-85,,*06c3g*
867,21,Gabriel Lara,NYY,OF,2023,2027,18.4,864,-2,,*06fqt*
868,21,Scott Bandura,SF,OF,2023,2025,22.8,760,-107,,*06585*
869,21,Ian Mejia,ATL,P,2022,2025,24.3,,,,*0629s*
870,21,Sandro Gaston,HOU,1B,2021,2025,21.4,902,33,,
871,21,Juan Salas,STL,P,2019,2026,21.2,,,,*05yia*
872,21,Rosman Verdugo,SD,SS,2021,2026,19.2,883,12,,*05rf7*
873,21,John Rhodes,BAL,OF,2021,2025,23.7,775,-97,,*061v6*
874,21,Yorman Gomez,CLE,P,2019,2025,21.5,,,,*06575*
875,21,T.J. Brock,TOR,P,2022,2024,24.7,797,-77,,*05yfb*
876,21,Connor Cooke,TOR,P,2021,2024,24.5,790,-85,,*067xx*
877,21,Jake Pilarski,LAD,P,2022,2025,26,800,-76,,*0657l*
878,21,Jack Perkins,OAK,P,2022,2024,26.7,792,-85,,*05yoa*
879,21,Christopher Troye,BOS,P,2021,2024,25.2,793,-85,,*06hw7*
880,21,James Hicks,HOU,P,2023,2026,23,,-879,,*03o0h*
881,21,Hagen Danner,TOR,P,2017,Debuted,25.6,794,-86,,*0423z*
882,21,John McMillon,KC,P,2019,Debuted,26.3,795,-86,,*05xsf*
883,21,Jefry Yan,MIA,P,2016,2024,27.7,796,-86,,*05xod*
884,21,Sean Burke,CHW,P,2021,2024,24.4,802,-81,,*0630c*
885,21,Dalton Rogers,BOS,P,2022,2025,23.3,854,-30,,*05yci*
886,21,Tony Blanco Jr.,PIT,OF,2022,2027,19,861,-24,,*066ml*
887,21,Daiverson Gutierrez,NYM,C,2023,2027,18.6,844,-42,,*051bv*
888,21,Edgar Barclay,NYY,P,2019,2024,25.9,,-887,,*05t9e*
889,21,Will Bednar,SF,P,2021,2024,23.9,801,-87,DOWN,*04ofm*
890,21,Bladimir Restituyo,COL,SS,2017,2024,22.8,813,-76,,*05yaf*
891,21,Jacob Young,WSH,OF,2021,Debuted,24.8,803,-87,,*066mr*
892,21,Esmil Valencia,HOU,OF,2023,2026,18.6,848,-43,UP,*05uc8*
893,21,Tucker Toman,TOR,3B,2022,2026,20.5,805,-87,,*06gjr*
894,21,John Wimmer,LAA,SS,2023,2026,19.1,853,-40,,*06ici*
895,21,Nestor Miranda,DET,3B,2024,2028,18.2,885,-9,,*06ek3*
896,21,Hunter Haas,TB,3B,2023,2026,22.1,891,-4,,*03djy*
897,21,Patrick Dorrian,MIL,3B,2014,2024,27.9,735,-161,,*066ma*
898,21,Hendry Chivilli,MIN,SS,2023,2028,18.6,896,-1,,*062z7*
899,21,Karson Milbrandt,MIA,P,2022,2025,20,866,-32,UP,*05u2k*
900,21,Hao Yu Lee,DET,2B,2021,2025,21.2,812,-87,,*03yuu*
901,21,Moises Gomez,STL,OF,2015,2024,25.7,826,-74,,*06487*
902,21,Nate Furman,CLE,2B,2022,2025,22.8,806,-95,,*04l97*
903,21,Aaron Bracho,CLE,2B,2017,2024,23,799,-103,,*05li9*
904,21,Alex De Jesus,TOR,2B,2018,2024,22.1,829,-74,,*05xot*
905,21,Owen Kellington,PIT,P,2021,2025,21.2,994,90,,*0516l*
906,21,TJ Hopkins,DET,OF,2019,Debuted,27.3,818,-87,,*0603k*
907,21,Gavin Dugas,WSH,OF,2023,2026,24,NR,#VALUE!,,*04erh*
908,21,CJ Van Eyk,TOR,P,2020,2024,25.6,819,-88,,*06f0r*
909,21,Justin Riemer,BOS,2B,2023,2025,22.2,916,8,,*05rb5*
910,21,Christian Franklin,CHC,OF,2021,2024,24.4,821,-88,,*04mtq*
911,21,Tanner Burns,CLE,P,2020,2023,25.4,728,-182,,*059tv*
912,21,Roberto Campos,DET,OF,2019,2025,20.9,858,-53,,*05uoi*
913,21,Peyton Wilson,KC,2B,2021,2024,24.5,830,-82,,*06f18*
914,21,Lucas Braun,ATL,P,2023,2026,22.7,881,-32,,*063dp*
915,21,Juan Murillo,SD,OF,2022,2026,21.7,846,-68,,*060fv*
916,21,Raul Alcantara,SEA,P,2017,2025,23.3,695,-220,,*0641j*
917,21,Jaydenn Estanista,PHI,P,2019,2025,22.6,895,-21,,*05tb4*
918,21,Luke Albright,ARI,P,2021,2025,24.4,849,-68,,*05un4*
919,21,Jordy Vargas,COL,P,2021,2026,20.5,837,-81,,*05yhf*
920,21,Matt Rudick,NYM,OF,2021,2024,25.8,831,-88,,*06ich*
921,21,Jhonny Level,SF,"C,SS",2024,2028,17.1,952,32,,*05unx*
922,21,Johnfrank Salazar,BOS,SS,2022,2026,20.7,833,-88,,*05rcd*
923,21,Joe Mack,MIA,C,2021,2026,21.4,1075,153,,*067z6*
924,21,Blake Dickerson,DET,P,2023,2026,19.3,898,-25,,*05xou*
925,21,Cooper Bowman,OAK,"2B,SS",2021,2024,24.3,836,-88,,*05yks*
926,21,Pete Hansen,STL,P,2022,2025,23.8,863,-62,,*05uny*
927,21,Calvin Ziegler,NYM,P,2021,2025,21.6,479,-447,,*05yns*
928,21,Tyson Guerrero,KC,P,2021,2024,124.4,839,-88,,*066o7*
929,21,Felix Morrobel,LAA,SS,2023,2027,18.6,869,-59,,*05rbd*
930,21,Manuel Pena,ARI,SS,2021,2026,20.4,NR,#VALUE!,,*04q0r*
931,21,Dylan Smith,DET,P,2022,2024,23.9,941,11,,*05mrj*
932,21,Zach Daniels,HOU,OF,2020,2024,25.3,843,-88,,*066ml*
933,21,Daiverson Gutierrez,NYM,C,2023,2027,18.6,844,-88,,*04ps8*
934,21,Cody Morris,NYY,P,2018,Debuted,27.5,838,-95,,*05uvd*
935,21,Peter Heubeck,LAD,P,2021,2025,21.8,862,-72,,*052i3*
936,21,Dariel Lopez,PIT,SS,2018,2024,22.2,897,-38,,*06fzj*
937,21,Cory Wall,ATL,P,2023,2026,24.1,887,-49,,*05ycj*
938,21,Simon Juan,NYM,OF,2022,2026,18.8,889,-48,,*05ycm*
939,21,Tommy Specht,TEX,OF,2022,2026,19.9,850,-88,,*06icj*
940,21,Yolfran Castillo,TEX,SS,2024,2028,17.2,904,-35,,*05xpp*
941,21,Chad Dallas,TOR,P,2021,2025,23.9,852,-88,,*05vy9*
942,21,Pedro Ramirez,CHC,SS,2021,2026,20.1,874,-67,UP,*056j6*
943,21,Adrian Placencia,LAA,SS,2019,2026,20.9,919,-23,,*06gid*
944,21,Sam Shaw,TOR,2B,2023,2026,19.2,855,-88,,*061xq*
945,21,Miguel Ullola,HOU,P,2021,2025,21.9,1127,183,,*05y4w*
946,21,Mason Auer,TB,OF,2021,2024,23.2,857,-88,,*05yd8*
947,21,Chris Meyers,DET,1B,2021,2024,25,824,-122,,*05uy4*
948,21,Dylan Dodd,ATL,P,2021,Debuted,25.9,859,-88,,*060fw*
949,21,Rafael Lantigua,TOR,2B,2016,2024,26,900,-48,,*05y71*
950,21,Zach Messinger,NYY,P,2021,2025,24.6,957,8,,*05j70*
951,21,Yerlin Confidan,CIN,OF,2019,2025,21.4,921,-29,,*06fzi*
952,21,Jaron Elkins,LAD,OF,2023,2026,19.5,936,-15,,*061yx*
953,21,Wuilfredo Antunez,CLE,OF,2019,2025,22,934,-18,,*06ff3*
954,21,Jesus Hernandez,MIA,SS,2021,2026,20.2,890,-63,,*0647r*
955,21,Lamar King,SD,C,2022,2025,20.4,877,-77,,*061t0*
956,21,Nikau Pouaka-Grego,PHI,SS,2022,2026,19.6,878,-77,,*051c9*
957,21,DJ Gladney,CHW,3B,2019,2024,22.8,868,-88,,*04pmd*
958,21,Gunnar Hoglund,OAK,P,2021,2025,24.4,899,-58,,*06ew0*
959,21,Carson Rucker,DET,SS,2023,2026,19.7,914,-44,,*05taw*
960,21,Doug Nikhazy,CLE,P,2021,2025,24.7,901,-58,,*06146*
961,21,Jackson Cox,COL,P,2022,2026,20.6,942,-18,,*06dvu*
962,21,Lisbel Diaz,SF,OF,2023,2026,18.8,908,-53,UP,*0511z*
963,21,Matt Gorski,PIT,OF,2019,2024,26.4,930,-32,,*04b3d*
964,21,Israel Pineda,WSH,C,2016,Debuted,24.1,875,-88,,*050yj*
965,21,Bryan Gonzalez,BOS,OF,2023,2026,18.8,876,-88,,*04mn2*
966,21,Griffin Conine,MIA,OF,2018,2022,26.8,933,-32,,*04pqd*
967,21,Drew Rom,STL,P,2018,Debuted,24.4,931,-35,,*05tdd*
968,21,Joe Rock,TB,P,2021,2025,23.8,932,-35,,*0569p*
969,21,Coleman Crow,MIL,P,2019,2023,23.3,880,-88,,*05uce*
970,21,Brendan Beck,NYY,P,2021,2024,25.6,925,-44,UP,*050ya*
971,21,Robert Perez Jr.,SD,OF,2016,2024,23.9,882,-88,,*06hva*
972,21,Noah Ruen,LAD,P,2023,2026,21.1,997,26,,*05y19*
973,21,Hunter Parks,CIN,P,2021,2025,23,998,26,,*06ds8*
974,21,Demetrio Nadal,MIL,SS,2021,2025,19.8,907,-66,,*06ekk*
975,21,Kevin Sim,ARI,1B,2023,2026,22.2,886,-88,,*06ek8*
976,21,Dameury Pena,MIN,2B,2023,2026,18.7,939,-36,,*05rc2*
977,21,Malvin Valdez,CIN,OF,2021,2026,20.6,944,-32,,*05ycw*
978,21,Gabriel Martinez,TOR,OF,2018,2025,21.8,966,-11,,*060pf*
979,21,Douglas Glod,ATL,OF,2022,2026,19.3,962,-16,,*05jqe*
980,21,Grayson Hitt,ARI,P,2023,2025,22.4,987,8,,*06awm*
981,21,Rafael Sanchez,TOR,P,2022,2025,24.7,892,-88,,*04ybm*
982,21,Warming Bernabel,COL,"3B,SS",2018,2024,21.9,893,-88,UP,*05rcf*
983,21,Joshua Baez,STL,OF,2021,2026,20.9,971,-11,,*05r66*
984,21,Juan Alonso,LAD,OF,2021,2026,20.5,972,-11,,*05jx9*
985,21,Axel Sanchez,SEA,SS,2019,2025,21.4,973,-11,,*06hsz*
986,21,John Gil,ATL,3B,2023,2027,18,981,-4,,*066m4*
987,21,Andy Acevedo,WSH,OF,2023,2026,18.4,982,-4,,*060of*
988,21,Andres Silvera,PIT,P,2021,2026,19.8,960,-27,,*04pmg*
989,21,Jonathan Bowlan,KC,P,2018,Debuted,27.4,989,1,,*05j7n*
990,21,Carlos Colmenarez,TB,SS,2021,2026,20.5,977,-12,,*0511v*
991,21,Matt Canterino,MIN,P,2019,2024,26.4,1069,79,,*05g3l*
992,21,Hedbert Perez,MIL,OF,2019,2024,21.1,903,-88,,*05wxx*
993,21,Logan Tanner,CIN,C,2022,2025,23.5,915,-77,,*06ajp*
994,21,Juan Obispo,WSH,OF,2023,2027,18,992,-1,,*0630k*
995,21,Blake Burkhalter,ATL,P,2022,2025,23.6,906,-88,,*06bpz*
996,21,Pedro Ibarguen,MIL,SS,2023,2027,17.8,955,-40,,*03nqc*
997,21,Jose Suarez,LAA,P,2021,2027,19.7,961,-35,,*06bpx*
998,21,Enniel Cortez,MIL,P,2023,2027,18,985,-12,UP,*05ub1*
999,21,Peyton Graham,DET,SS,2022,2025,23.3,910,-88,,*05m6e*
1000,21,Omar Alfonzo,PIT,C,2021,2026,20.8,NR,#VALUE!,,*05tcc*
1001,21,Zach Kokoska,COL,OF,2021,2025,25.5,912,-88,,