Ranking,Tier,Player,Team,Position,Signed,ETA,Age,Prev Rank,Movement,OBP,Player ID,In-Person Look
1,1,Roman Anthony,BOS,OF,2022,2025,20.7,2,1,,*05u9z*,Y
2,1,Jasson Dominguez,NYY,OF,2019,Debuted,21.9,1,-1,UP,*050c3*,Y
3,2,Andrew Painter,PHI,P,2021,2025,21.8,3,0,,*05r3i*,Y
4,2,Dylan Crews,WSH,OF,2023,Debuted,22.6,4,0,UP,*0596e*,Y
5,2,Samuel Basallo,BAL,"C,1B",2021,2025,20.4,6,1,UP,*05rbv*,Y
6,2,Matt Shaw,CHC,"2B,3B,SS",2023,2025,23.2,7,1,,*063vu*,Y
7,2,Kristian Campbell,BOS,"2B,SS,OF",2023,2025,22.5,14,7,,*06f0q*,Y
8,2,Jackson Jobe,DET,P,2021,Debuted,22.5,11,3,,*05rb0*,Y
9,2,Sebastian Walcott,TEX,"3B,SS",2023,2026,18.8,9,0,,*0662o*,Y
10,2,Travis Bazzana,CLE,2B,2024,2025,22.4,12,2,,*05zde*,
11,2,Max Clark,DET,OF,2023,2025,20.1,8,-3,,*05u9y*,Y
12,2,Emmanuel Rodriguez,MIN,OF,2019,2025,21.9,13,1,UP,*054p6*,Y
13,2,Walker Jenkins,MIN,OF,2023,2026,19.9,10,-3,,*05u3v*,Y
14,2,Coby Mayo,BAL,3B,2020,Debuted,23.1,5,-9,,*05js5*,Y
15,3,Dalton Rushing,LAD,"C,OF",2022,2025,23.9,15,0,UP,*05xtz*,
16,3,Bryce Eldridge,SF,1B,2023,2025,20.2,16,0,,*05u96*,
17,3,Bubba Chandler,PIT,P,2021,2025,22.3,17,0,,*05rik*,Y
18,3,Chase Dollander,COL,P,2023,2025,23.2,18,0,,*05yj0*,Y
19,3,Noah Schultz,CHW,P,2022,2025,21.4,19,0,,*05uc7*,Y
20,3,Leodalis De Vries,SD,SS,2024,2026,18.3,20,0,,*067yc*,Y
21,3,Carson Williams,TB,SS,2021,2025,21.6,21,0,UP,*05t9n*,Y
22,3,JJ Wetherholt,STL,SS,2024,2025,22.3,22,0,,*06aw3*,
23,3,Nick Kurtz,OAK,1B,2024,2025,21.8,23,0,,*062k5*,Y
24,3,Zyhir Hope,LAD,OF,2023,2026,20,24,0,,*06eyu*,Y
25,3,Chase DeLauter,CLE,OF,2022,2025,23.2,26,1,,*05uei*,Y
26,3,Kevin McGonigle,DET,"2B,SS",2023,2026,20.4,27,1,,*05yby*,Y
27,3,Marcelo Mayer,BOS,SS,2021,2025,22.1,28,1,UP,*05r9j*,Y
28,4,Quinn Mathews,STL,P,2023,2025,24.3,30,2,,*060gd*,
29,4,Thomas White,MIA,P,2023,2026,20.3,31,2,,*05tp6*,
30,4,Kumar Rocker,TEX,P,2022,Debuted,25.1,32,2,,*04azu*,
31,4,Travis Sykora,WSH,P,2023,2026,20.7,33,2,,*05ycl*,Y
32,4,Jordan Lawlar,ARI,SS,2021,Debuted,22.5,34,2,,*05r1m*,Y
33,4,Jesus Made,MIL,SS,2024,2028,17.7,35,2,,*06ibv*,
34,4,Colt Emerson,SEA,SS,2023,2026,19.5,25,-9,,*060ub*,
35,4,Christian Moore,LAA,2B,2024,2025,22.2,36,1,,*06cq8*,
36,4,Jonny Farmelo,SEA,OF,2023,2026,20.3,37,1,,*066sx*,
37,4,Josue De Paula,LAD,OF,2022,2026,19.6,38,1,,*061zv*,
38,4,Eduardo Quintero,LAD,OF,2023,2027,19.3,39,1,,*06c79*,
39,4,Moises Ballesteros,CHC,C,2020,2025,21.2,40,1,UP,*05rbs*,Y
40,4,Jacob Wilson,OAK,SS,2023,Debuted,22.8,41,1,,*0622t*,
41,4,Brandon Sproat,NYM,P,2023,2025,24.3,46,5,,*0515o*,
42,4,Felnin Celesten,SEA,SS,2023,2027,19.3,50,8,,*05mx9*,
43,4,Jett Williams,NYM,SS,2022,2025,21.2,48,5,UP,*060la*,Y
44,4,Charlie Condon,COL,OF,2024,2025,21.8,43,-1,,*06alk*,Y
45,4,Jac Caglianone,KC,1B,2024,2025,21.9,44,-1,,*05u9q*,Y
46,4,Braden Montgomery,CHW,OF,2024,2026,21.7,45,-1,,*05rcg*,Y
47,5,Luke Keaschall,MIN,2B,2023,2025,22.4,51,4,,*05zh9*,Y
48,5,Michael Arroyo,SEA,2B,2022,2026,20.2,54,6,,*05yid*,
49,5,Colson Montgomery,CHW,SS,2021,2025,22.9,42,-7,,*05rch*,Y
50,5,Aidan Miller,PHI,SS,2023,2026,20.6,58,8,,*05u36*,Y
51,5,Kyle Teel,CHW,C,2023,2025,22.9,53,2,,*05wxy*,Y
52,5,Cam Smith,HOU,3B,2024,2026,21.9,60,8,,*060jo*,
53,5,Thayron Liranzo,DET,"C,1B",2021,2026,21.5,61,8,,*05r64*,Y
54,5,Konnor Griffin,PIT,SS,2024,2027,18.7,62,8,,*05u3u*,
55,5,Bryce Rainer,DET,SS,2024,2027,19.5,63,8,,*05yai*,
56,5,Angel Genao,CLE,SS,2021,2026,20.7,64,8,,*05r5e*,
57,5,Rhett Lowder,CIN,P,2023,Debuted,22.9,29,-28,,*061bo*,
58,5,Alejandro Rosario,TEX,P,2023,2025,23,65,7,,*05jri*,Y
59,5,Chase Burns,CIN,P,2024,2025,22,66,7,,*05rb3*,
60,5,Hagen Smith,CHW,P,2024,2025,21.4,67,7,,*05zd4*,Y
61,5,Jeferson Quero,MIL,C,2019,2025,22.3,68,7,,*05gss*,Y
62,6,Joendry Vargas,LAD,SS,2023,2027,19.2,49,-13,,*06625*,
63,6,Cam Collier,CIN,3B,2022,2026,20.1,86,23,,*05u1y*,Y
64,6,Ethan Salas,SD,C,2023,2026,18.6,71,7,,*05ybr*,Y
65,6,Lazaro Montes,SEA,OF,2022,2025,20.2,56,-9,UP,*05rfc*,
66,6,Thomas Harrington,PIT,P,2022,2025,23.5,73,7,,*05zya*,Y
67,6,Emil Morales,LAD,SS,2024,2027,18.3,55,-12,,*06ibo*,
68,6,Jaison Chourio,CLE,OF,2022,2027,19.7,75,7,,*05yix*,Y
69,6,Jacob Melton,HOU,OF,2022,2025,24.4,76,7,UP,*061gx*,Y
70,6,Aidan Smith,TB,OF,2023,2026,20.5,90,20,,*06dq9*,Y
71,6,Jarlin Susana,WSH,P,2022,2026,20.8,78,7,,*05y7n*,Y
72,6,Cade Horton,CHC,P,2022,2025,23.4,47,-25,,*05gww*,Y
73,6,Caden Dana,LAA,P,2022,Debuted,21.1,80,7,,*063e5*,
74,6,Cooper Pratt,MIL,SS,2023,2026,20.4,81,7,,*067xj*,Y
75,6,Tre' Morgan,TB,1B,2023,2025,22.5,125,50,,*05wrt*,Y
76,6,Welbyn Francisca,CLE,"2B,SS",2023,2027,18.7,89,13,,*066mk*,
77,6,Josue Briceno,DET,"C,1B",2023,2026,20.3,82,5,,*0637j*,Y
78,6,Xavier Isaac,TB,1B,2022,2026,21.1,70,-8,UP,*062pp*,Y
79,6,Ralphy Velazquez,CLE,1B,2023,2026,19.6,83,4,,*067yp*,Y
80,6,Eduardo Tait,PHI,C,2023,2027,18.4,84,4,,*06bsb*,Y
81,6,Drake Baldwin,ATL,C,2022,2025,23.8,52,-29,,*0630d*,Y
82,6,Demetrio Crisantes,ARI,2B,2022,2026,20.4,85,3,,*064o4*,
83,6,Ricky Tiedemann,TOR,P,2021,2026,22.4,217,134,,*05js6*,Y
84,6,Agustin Ramirez,MIA,"C,1B",2019,2025,23.3,74,-10,,*04z6m*,Y
85,6,Cole Young,SEA,"2B,SS",2022,2025,21.5,88,3,UP,*05y7x*,
86,6,Arjun Nimmala,TOR,SS,2023,2026,19.2,132,46,,*05y3p*,Y
87,6,Drew Gilbert,NYM,OF,2022,2025,24.3,77,-10,,*05xu0*,Y
88,6,Owen Caissie,CHC,OF,2020,2025,22.5,72,-16,UP,*05jsg*,Y
89,6,Ryan Clifford,NYM,"1B,OF",2022,2025,21.5,87,-2,,*05ge1*,Y
90,6,Luke Adams,MIL,"1B,3B",2022,2026,20.7,91,1,,*06582*,Y
91,6,Kevin Alcantara,CHC,OF,2018,Debuted,22.5,92,1,,*04qow*,Y
92,6,Edgar Quero,CHW,C,2021,2025,21.8,93,1,,*05un2*,Y
93,6,Blake Mitchell,KC,C,2023,2026,20.4,115,22,UP,*05y3q*,Y
94,6,Sal Stewart,CIN,"2B,3B",2022,2026,21.1,94,0,UP,*05u9o*,
95,7,Tink Hence,STL,P,2020,2025,22.4,69,-26,,*05jpx*,Y
96,7,Jonah Tong,NYM,P,2022,2026,21.6,95,-1,,*0658b*,
97,7,Ronny Mauricio,NYM,2B,2017,Debuted,23.8,96,-1,DOWN,*04fyo*,Y
98,7,Carter Jensen,KC,C,2021,2025,21.5,116,18,UP,*05vy5*,Y
99,7,Jefferson Rojas,CHC,SS,2022,2026,19.7,98,-1,,*061wh*,Y
100,7,Jacob Misiorowski,MIL,P,2022,2025,22.8,79,-21,,*061yu*,Y
101,7,AJ Smith-Shawver,ATL,P,2021,Debuted,22.2,99,-2,,*05uy5*,Y
102,7,Franklin Arias,BOS,SS,2023,2027,19.2,100,-2,,*06c78*,Y
103,7,Hurston Waldrep,ATL,P,2023,Debuted,22.9,101,-2,,*0603p*,Y
104,7,Logan Evans,SEA,P,2023,2025,23.6,102,-2,,*06hv8*,
105,7,Cole Carrigg,COL,OF,2023,2025,22.7,107,2,,*066eo*,
106,7,James Triantos,CHC,2B,2021,2025,22,104,-2,,*05ucf*,Y
107,7,Luis Perales,BOS,P,2019,2026,21.8,167,60,,*05gd5*,Y
108,7,Brody Hopkins,TB,P,2023,2026,23,175,67,,*06f1b*,Y
109,7,Robert Calaz,COL,OF,2023,2027,19.1,57,-52,,*066mo*,
110,7,Eric Bitonti,MIL,3B,2023,2026,19.2,109,-1,,*05yed*,
111,7,Santiago Suarez,TB,P,2022,2026,20,155,44,,*0620x*,Y
112,7,Carson Benge,NYM,OF,2024,2026,22,112,0,,*06aly*,
113,7,Slade Caldwell,ARI,OF,2024,2027,18.6,113,0,,*06agr*,
114,7,Justin Crawford,PHI,OF,2022,2026,21,114,0,,*05y30*,Y
115,7,Ramon Ramirez,KC,C,2023,2027,19.6,241,126,,*06cn0*,
116,7,Logan Henderson,MIL,P,2021,2025,22.9,128,12,,*05uo2*,Y
117,7,Gary Gill Hill,TB,P,2022,2026,20.3,108,-9,,*064o6*,Y
118,7,Griffin Burkholder,PHI,OF,2024,2027,19.4,117,-1,,*06mnj*,
119,7,Termarr Johnson,PIT,"2B,SS",2022,2026,20.6,118,-1,UP,*05rc5*,Y
120,7,Yoeilin Cespedes,BOS,SS,2023,2027,19.3,119,-1,,*066mn*,Y
121,7,Seaver King,WSH,SS,2024,2026,21.7,143,22,,*06cq7*,Y
122,7,Brice Matthews,HOU,"3B,SS",2023,2025,22.8,160,38,,*06c36*,Y
123,7,Adael Amador,COL,2B,2019,Debuted,21.8,121,-2,,*04ysv*,
124,7,Nick Yorke,PIT,2B,2020,Debuted,22.8,122,-2,,*05js7*,Y
125,7,Denzel Clarke,OAK,OF,2021,2025,24.7,123,-2,UP,*05unf*,Y
126,7,Spencer Jones,NYY,OF,2022,2025,23.7,142,16,,*04yi8*,Y
127,7,Luis Morales,OAK,P,2023,2026,22.3,158,31,,*0662m*,
128,7,Jackson Ferris,LAD,P,2022,2026,21,124,-4,,*05u6g*,
129,7,Grant Taylor,CHW,P,2023,2026,22.7,214,85,,*066er*,Y
130,7,Charlee Soto,MIN,P,2023,2026,19.4,335,205,,*05zq5*,Y
131,7,Brayden Taylor,TB,"3B,SS",2023,2025,22.6,111,-20,,*05wy1*,Y
132,7,Braylon Payne,MIL,OF,2024,2027,18.4,126,-6,,*06kkf*,
133,7,Josuar De Jesus Gonzalez,SF,SS,2025,2028,17.2,NR,NA,,*06ps2*,
134,7,Luisangel Acuna,NYM,SS,2018,Debuted,22.8,127,-7,,*04z6k*,Y
135,7,Owen Murphy,ATL,P,2022,2026,21.3,168,33,,*062pm*,Y
136,7,Noble Meyer,MIA,P,2023,2026,20,129,-7,,*062yr*,
137,7,Jake Bloss,TOR,P,2023,Debuted,23.6,130,-7,,*06dqi*,Y
138,7,Emiliano Teodo,TEX,P,2020,2025,23.9,215,77,,*05uo4*,Y
139,7,Trey Yesavage,TOR,P,2024,2025,21.5,144,5,,*06apx*,
140,7,Zach Dezenzo,HOU,3B,2022,Debuted,24.7,131,-9,,*0641c*,Y
141,7,George Lombard Jr.,NYY,SS,2023,2026,19.6,162,21,,*06b72*,Y
142,7,Alan Roden,TOR,OF,2022,2025,25.1,228,86,,*061yt*,
143,7,Brailer Guerrero,TB,OF,2023,2027,18.6,204,61,,*066mz*,Y
144,8,Robby Snelling,MIA,P,2022,2025,21.1,135,-9,,*061mh*,
145,8,Moises Chace,PHI,P,2019,2026,21.6,159,14,,*060vu*,Y
146,8,Starlyn Caba,MIA,SS,2023,2027,19.1,137,-9,,*066mx*,Y
147,8,Alejandro Osuna,TEX,OF,2020,2025,22.3,138,-9,UP,*05r3s*,Y
148,8,Cade Cavalli,WSH,P,2020,Debuted,26.4,187,39,,*05gef*,
149,8,Braxton Ashcraft,PIT,P,2018,2025,25.3,139,-10,,*04pmq*,Y
150,8,River Ryan,LAD,P,2021,Debuted,26.4,140,-10,,*05ynx*,
151,8,Deyvison De Los Santos,MIA,"1B,3B",2019,2025,21.6,141,-10,DOWN,*05nsq*,Y
152,8,Eduardo Beltre,MIN,OF,2024,2027,18.3,110,-42,,*06icc*,
153,8,Colby Thomas,OAK,OF,2022,2025,24,59,-94,UP,*0630e*,
154,8,C.J. Kayfus,CLE,"1B,OF",2023,2025,23.2,133,-21,,*06dn6*,
155,8,Juan Brito,CLE,"1B,2B,3B",2018,2025,23.3,134,-21,UP,*05yhe*,Y
156,8,Jackson Baumeister,TB,P,2023,2025,22.5,180,24,,*05u9j*,Y
157,8,Orelvis Martinez,TOR,SS,2018,Debuted,23.2,156,-1,,*04mms*,Y
158,8,Brady House,WSH,3B,2021,2025,21.6,97,-61,,*059bx*,Y
159,8,Jesus Baez,NYM,"3B,SS",2022,2026,19.9,147,-12,,*061rf*,
160,8,George Klassen,LAA,P,2023,2025,23,148,-12,,*067xm*,
161,8,Jaden Hamm,DET,P,2023,2025,22.4,149,-12,,*06f0u*,
162,8,Jairo Iriarte,CHW,P,2018,Debuted,23.1,150,-12,,*060q2*,Y
163,8,Thomas Saggese,STL,SS,2020,Debuted,22.8,152,-11,DOWN,*05mru*,Y
164,8,Chase Davis,STL,OF,2023,2025,23.1,166,2,,*05jrf*,
165,8,Ryan Waldschmidt,ARI,OF,2024,2026,22.3,153,-12,,*06dlz*,
166,8,Yophery Rodriguez,MIL,OF,2023,2026,19.1,145,-21,,*066mq*,Y
167,8,Alfredo Duno,CIN,C,2023,2026,19,178,11,UP,*06626*,
168,8,Ryan Sloan,SEA,P,2024,2027,19,157,-11,,*06ier*,
169,8,Jhonny Severino,PIT,"3B,SS",2022,2027,20.2,161,-8,,*05yim*,Y
170,8,Josh Kasevich,TOR,SS,2022,2025,24,752,582,,*060if*,
171,8,Jared Serna,MIA,SS,2019,2025,22.6,163,-8,UP,*062jx*,Y
172,8,Alex Freeland,LAD,SS,2022,2026,23.4,164,-8,,*05xu1*,
173,8,Kohl Drake,TEX,P,2022,2025,24.5,174,1,,*066m0*,Y
174,8,Trevor Harrison,TB,P,2023,2027,19.4,257,83,,*06f1o*,Y
175,8,Braylon Doughty,CLE,P,2024,2027,19.1,221,46,,*06kk6*,
176,8,Jurrangelo Cijntje,SEA,P,2024,2026,21.6,170,-6,,*060m8*,
177,8,Cam Caminiti,ATL,P,2024,2026,18.4,171,-6,,*062e0*,Y
178,8,Adam Mazur,MIA,P,2022,Debuted,23.7,172,-6,,*060gg*,
179,8,Luis Merejo,CLE,1B,2023,2027,18.5,151,-28,,*06awf*,
180,8,Harry Ford,SEA,C,2021,2025,21.9,194,14,UP,*05raw*,Y
181,8,James Tibbs,SF,OF,2024,2025,22.3,190,9,,*066ir*,
182,8,David Sandlin,BOS,P,2022,2025,23.9,189,7,,*062pn*,Y
183,8,Ty Johnson,TB,P,2023,2025,23.3,203,20,,*06htl*,Y
184,8,Yanquiel Fernandez,COL,OF,2019,2025,22,165,-19,DOWN,*05g3k*,
185,8,Luis Baez,HOU,OF,2022,2026,21,105,-80,,*060fy*,Y
186,9,Nestor German,BAL,P,2023,2026,22.9,272,86,,*06gjv*,
187,9,K.C. Hunt,MIL,P,2022,2025,24.5,183,-4,,*066b3*,
188,9,Brandon Winokur,MIN,"SS,OF",2023,2026,20.1,233,45,,*06dnc*,Y
189,9,Nolan McLean,NYM,"UT,P",2023,2025,23.5,185,-4,,*05y7s*,
190,9,Justin Wrobleski,LAD,P,2021,Debuted,24.5,186,-4,,*05y9r*,
191,9,Enrique Bradfield Jr.,BAL,OF,2023,2025,23.1,234,43,,*05jre*,Y
192,9,Winston Santos,TEX,P,2019,2025,22.8,254,62,,*061lj*,Y
193,9,Yorger Bautista,SEA,OF,2025,2029,17.3,NR,NA,,*06ps3*,
194,9,Cris Rodriguez,DET,OF,2025,2029,17,NR,NA,,*06ps4*,
195,9,Tyson Lewis,CIN,SS,2024,2027,19,196,1,,*06mnk*,
196,9,Theo Gillen,TB,OF,2024,2027,19.3,198,2,,*05u2m*,Y
197,9,Gino Groover,ARI,3B,2023,2025,22.7,191,-6,,*05yj5*,Y
198,9,Luis Pena,MIL,SS,2024,2028,18.2,192,-6,,*06j3f*,
199,9,Wyatt Sanford,PIT,SS,2024,2027,19.1,197,-2,,*06mnl*,
200,9,Kellon Lindsey,LAD,SS,2024,2027,19.3,199,-1,,*06kxe*,
201,9,PJ Morlando,MIA,OF,2024,2027,19.7,200,-1,,*06328*,Y
202,9,Tommy Troy,ARI,SS,2023,2026,23,182,-20,,*05jse*,Y
203,9,Yilber Diaz,ARI,P,2021,Debuted,24.4,202,-1,,*06agh*,
204,9,Andrew Morris,MIN,P,2022,2025,23.4,271,67,,*0648r*,
205,9,Hunter Barco,PIT,P,2022,2025,24.1,205,0,,*04nb5*,Y
206,9,Noah Cameron,KC,P,2021,2025,25.5,300,94,,*05ycf*,Y
207,9,Edwin Arroyo,CIN,SS,2021,2026,21.4,169,-38,,*05rcj*,Y
208,9,Jose Corniell,TEX,P,2019,2026,21.6,297,89,,*05gx5*,
209,9,Eiberson Castellano,MIN,P,2021,2025,23.7,209,0,,*06l49*,
210,9,Adrian Del Castillo,ARI,C,2021,Debuted,25.3,210,0,,*05jn0*,
211,9,Miguel Bleis,BOS,OF,2021,2026,20.9,173,-38,,*05m1c*,Y
212,9,Vance Honeycutt,BAL,OF,2024,2026,21.7,212,0,,*062e5*,
213,9,Mike Boeve,MIL,"1B,3B",2023,2025,22.7,236,23,,*06dnb*,
214,9,Mason Barnett,OAK,P,2022,2025,24.2,450,236,,*0630h*,Y
215,9,Roderick Arias,NYY,"2B,SS",2022,2026,20.3,223,8,UP,*05gec*,Y
216,9,Didier Fuentes,ATL,P,2022,2026,19.6,255,39,,*064zm*,Y
217,9,Yoniel Curet,TB,P,2019,2025,22.2,216,-1,,*05uec*,Y
218,9,Jhostynxon Garcia,BOS,OF,2019,2026,22.1,193,-25,,*05j8u*,Y
219,9,J.R. Ritchie,ATL,P,2022,2026,21.6,218,-1,,*05tzo*,Y
220,9,Kendry Rojas,TOR,P,2020,2025,22.1,219,-1,,*05rgq*,Y
221,9,Kash Mayfield,SD,P,2024,2027,19.9,220,-1,,*06lp4*,
222,9,Connor Prielipp,MIN,P,2022,2025,24,380,158,,*05joq*,
223,9,Levi Sterling,PIT,P,2024,2027,18.4,222,-1,,*06hf3*,
224,10,Jack Leiter,TEX,P,2021,Debuted,24.7,188,-36,,*04y9o*,Y
225,10,Dorian Soto,BOS,SS,2025,2029,16.9,NR,NA,,*06qhh*,
226,10,Jeremy Rodriguez,NYM,SS,2023,2027,18.5,224,-2,,*066o8*,
227,10,Chase Petty,CIN,P,2021,2025,21.8,225,-2,,*05raz*,
228,10,Max Acosta,MIA,"2B,SS",2019,2025,22.2,308,80,,*0568a*,Y
229,10,Shay Whitcomb,HOU,SS,2020,Debuted,26.3,227,-2,,*05jqi*,Y
230,10,Yolfran Castillo,TEX,SS,2024,2028,17.9,291,61,,*06icj*,
231,10,Drue Hackenberg,ATL,P,2023,2025,22.8,229,-2,,*062e9*,Y
232,10,Richard Fitts,BOS,P,2021,Debuted,25.1,366,134,,*05rav*,Y
233,10,Tai Peete,SEA,SS,2023,2026,19.4,230,-3,,*06c7i*,
234,10,Druw Jones,ARI,OF,2022,2026,21.1,231,-3,,*05tdk*,
235,10,Carson Whisenhunt,SF,P,2022,2025,24.2,232,-3,,*05y7v*,Y
236,10,Chandler Simpson,TB,OF,2022,2025,24.2,465,229,,*0622w*,Y
237,10,Dylan Beavers,BAL,OF,2022,2025,23.4,181,-56,UP,*05xty*,Y
238,10,Hao-Yu Lee,DET,2B,2021,2025,21.9,235,-3,UP,*05u2k*,Y
239,10,Nacho Alvarez,ATL,3B,2022,Debuted,21.8,207,-32,,*064da*,Y
240,10,Tommy White,OAK,3B,2024,2025,21.9,237,-3,,*05tp7*,Y
241,10,Jean Cabrera,PHI,P,2021,2025,23.2,238,-3,,*05ww7*,
242,10,Jace Jung,DET,"2B,3B",2022,Debuted,24.2,103,-139,UP,*05tzg*,Y
243,10,Joey Cantillo,CLE,P,2017,Debuted,25.1,479,236,,*04eos*,
244,10,Jake Miller,DET,P,2022,2025,23.6,352,108,,*066ch*,Y
245,10,Yassel Soler,ARI,3B,2023,2027,19,243,-2,,*06ciz*,
246,10,Walker Janek,HOU,C,2024,2026,18.3,252,6,,*06kkk*,Y
247,10,Cooper Ingle,CLE,C,2023,2025,22.9,244,-3,,*06f0p*,Y
248,10,Rafael Flores,NYY,"C,1B",2022,2025,24.2,245,-3,,*06f0k*,
249,10,Jimmy Crooks,STL,C,2022,2025,23.5,415,166,,*06434*,Y
250,10,Malcolm Moore,TEX,C,2024,2026,21.5,304,54,,*05y7u*,
251,10,Jhonny Level,SF,SS,2024,2028,17.8,246,-5,,*06ich*,
252,10,Yairo Padilla,STL,SS,2024,2028,17.5,769,517,,*06k81*,
253,10,Bryan Ramos,CHW,3B,2018,Debuted,22.8,247,-6,UP,*059bs*,Y
254,10,Parker Messick,CLE,P,2022,2025,24.2,248,-6,,*05tzn*,
255,10,Jedixson Paez,BOS,P,2021,2026,21,249,-6,,*05xzr*,Y
256,10,Eddie Rynders,PIT,3B,2024,2027,19.2,250,-6,,*06o0f*,
257,10,Brock Wilken,MIL,3B,2023,2026,22.6,251,-6,,*05ubi*,Y
258,10,Yeremi Cabrera,TEX,OF,2022,2027,19.5,177,-81,,*06c3v*,
259,10,Chase Meidroth,CHW,"3B,SS",2022,2025,23.5,331,72,,*0648n*,Y
260,10,Carson DeMartini,PHI,3B,2024,2026,22,253,-7,,*062ec*,
261,10,Michael McGreevy,STL,P,2021,Debuted,24.5,570,309,,*05sr2*,
262,10,Justin Foscue,TEX,2B,2020,Debuted,25.9,208,-54,UP,*05gsg*,Y
263,10,Jose Perdomo,ATL,SS,2024,2027,18.3,211,-52,,*067z8*,
264,10,Chase Hampton,NYY,P,2022,2025,23.4,154,-110,,*05yh3*,Y
265,10,Chayce McDermott,BAL,P,2021,Debuted,26.4,256,-9,,*05uws*,Y
266,10,Dominic Keegan,TB,C,2022,2026,23.5,561,295,UP,*05tde*,
267,10,Gabriel Rincones Jr.,PHI,OF,2022,2025,23.9,240,-27,UP,*0630f*,Y
268,10,George Wolkow,CHW,OF,2023,2026,19,242,-26,,*05u2o*,Y
269,10,Elian Pena,NYM,SS,2025,2029,17.2,NR,NA,,*06m0g*,
270,10,Kevin Alvarez,HOU,OF,2025,2029,17,NR,NA,,*06psn*,
271,10,Luis Cova,MIA,OF,2024,2028,17.9,259,-12,,*06ibu*,
272,10,Tyler Black,MIL,1B,2021,Debuted,24.5,184,-88,UP,*05u2u*,Y
273,10,Zac Veen,COL,OF,2020,2025,23.1,261,-12,,*05gbg*,Y
274,11,Brant Hurter,DET,P,2021,Debuted,26.4,541,267,,*05u6p*,
275,11,Ben Casparius,LAD,P,2021,Debuted,25.9,262,-13,,*05y4k*,Y
276,11,Michael Forret,BAL,P,2023,2026,20.8,497,221,,*06hwt*,Y
277,11,Brett Wichrowski,MIL,P,2023,2026,22.4,264,-13,,*06huh*,
278,11,Robert Gasser,MIL,P,2021,Debuted,25.6,265,-13,,*05u6r*,Y
279,11,Jonathon Long,CHC,1B,2023,2025,23,213,-66,,*06fwm*,Y
280,11,Billy Amick,MIN,3B,2024,2026,22.2,266,-14,,*06cgg*,Y
281,11,Jeter Martinez,SEA,P,2023,2027,18.9,355,74,,*066m6*,
282,11,Mac Horvath,TB,3B,2023,2025,23,195,-87,,*05yha*,Y
283,11,Sean Burke,CHW,P,2021,Debuted,25.1,269,-14,,*05xod*,Y
284,11,Mason Adams,CHW,P,2022,2025,24.9,270,-14,,*06657*,Y
285,11,Rayne Doncon,MIN,SS,2021,2026,21.3,516,231,,*05r6f*,Y
286,11,Yordanny Monegro,BOS,P,2020,2026,22.2,176,-110,,*06c28*,Y
287,11,Hunter Dobbins,BOS,P,2021,2025,25.4,674,387,,*05y6w*,
288,11,Kale Fountain,SD,3B,2024,2027,19.4,274,-14,,*06kka*,
289,11,Luke Dickerson,WSH,SS,2024,2027,19.4,275,-14,,*06mne*,
290,11,JD Dix,ARI,SS,2024,2027,19.3,276,-14,,*066j0*,
291,11,Carter Johnson,MIA,SS,2024,2027,18.9,277,-14,,*06icz*,
292,11,Jonathan Santucci,NYM,P,2024,2026,22,278,-14,,*060ue*,
293,11,Rayner Arias,SF,OF,2023,2026,18.7,346,53,,*066mw*,
294,11,Ricardo Cabrera,CIN,3B,2022,2026,20.2,279,-15,,*05rjo*,
295,11,Mitch Bratt,TEX,P,2021,2025,21.5,280,-15,,*05xq2*,Y
296,11,Samuel Aldegheri,LAA,P,2019,Debuted,23.3,281,-15,,*06aw2*,
297,11,Alex Clemmey,WSH,P,2023,2026,19.5,282,-15,,*06bfu*,Y
298,11,Dylan Lesko,TB,P,2022,2026,21.4,283,-15,,*05tdl*,
299,11,Will Simpson,TB,1B,2023,2025,23.4,285,-14,,*051e0*,
300,11,Will Wagner,TOR,2B,2021,Debuted,26.5,286,-14,UP,*05yhg*,Y
301,11,Michael Kennedy,CLE,P,2022,2026,20.1,287,-14,,*0647m*,Y
302,11,Dakota Jordan,SF,OF,2024,2026,21.7,323,21,,*067yf*,
303,11,Jose Urbina,TB,P,2023,2027,19.2,NR,NA,,*069xw*,
304,11,Aldrin Batista,CHW,P,2022,2026,21.7,522,218,,*06ce9*,Y
305,11,Caleb Bonemer,CHW,SS,2024,2027,19.3,289,-16,,*06hea*,
306,11,Mikey Romero,BOS,SS,2022,2026,21,290,-16,,*05y7y*,Y
307,11,C.J. Culpepper,MIN,P,2022,2025,23.2,383,76,,*065j0*,Y
308,11,Doug Nikhazy,CLE,P,2021,2025,25.4,292,-16,,*05taw*,
309,11,Ben Shields,NYY,P,2023,2026,26,573,264,,*06hf1*,
310,11,Blade Tidwell,NYM,P,2022,2025,23.6,294,-16,,*05u2q*,
311,11,Edgardo Henriquez,LAD,P,2019,Debuted,22.6,295,-16,,*05w7z*,
312,11,Ian Seymour,TB,P,2020,2025,26.1,365,53,,*05jpd*,
313,11,Brandyn Garcia,SEA,P,2023,2025,24.6,296,-17,,*06guh*,
314,11,Abimelec Ortiz,TEX,1B,2021,2025,22.9,502,188,,*05uv5*,Y
315,11,Joe Whitman,SF,P,2023,2025,23.3,288,-27,,*06c1l*,
316,11,Owen Wild,TB,P,2023,2025,22.5,268,-48,,*06fqq*,Y
317,11,Ben Hess,NYY,P,2024,2026,22.4,330,13,,*066iq*,
318,11,Colton Ledbetter,TB,OF,2023,2025,23.2,260,-58,,*0689z*,Y
319,11,Nelson Rada,LAA,OF,2022,2027,19.4,345,26,,*05yib*,
320,11,Braylin Morel,TEX,OF,2023,2027,19,301,-19,,*06dq5*,Y
321,11,Cooper Kinney,TB,2B,2021,2026,21.1,298,-23,,*05ua8*,Y
322,11,Ryan Bliss,SEA,2B,2021,Debuted,25.1,467,145,,*05tc7*,
323,11,Sammy Stafura,CIN,SS,2023,2026,20.2,303,-20,,*06c1m*,
324,11,Dillon Dingler,DET,C,2020,Debuted,26.3,179,-145,UP,*05gx4*,Y
325,11,Pablo Guerrero,TEX,1B,2023,2026,18.5,258,-67,,*068z1*,
326,11,Josh Caron,SEA,C,2024,2026,21.4,NR,NA,,*06oo3*,
327,11,Andrew Salas,MIA,SS,2025,2029,16.9,NR,NA,,*06psm*,
328,11,Maykel Coret,TB,OF,2025,2029,17.3,NR,NA,,*06qhg*,
329,11,Jadher Areinamo,MIL,"2B,SS",2021,2026,21.1,338,9,,*062l0*,Y
330,11,Javier Sanoja,MIA,3B,2021,Debuted,22.4,284,-46,,*062ho*,
331,11,Marco Raya,MIN,P,2020,2025,22.4,426,95,,*05mrp*,Y
332,11,Paulino Santana,TEX,OF,2024,2027,18.2,306,-26,,*06ho7*,
333,11,Johnathan Rodriguez,CLE,OF,2016,Debuted,25.2,307,-26,,*04gdw*,
334,11,Landen Maroudis,TOR,P,2023,2027,20.1,488,154,,*06dq2*,
335,11,Kyle Karros,COL,3B,2023,2025,22.5,309,-26,,*06dsa*,
336,11,Will Warren,NYY,P,2021,Debuted,25.6,293,-43,,*05yaz*,Y
337,11,Lucas Braun,ATL,P,2023,2025,23.4,310,-27,,*06f18*,Y
338,11,Fernando Perez,TOR,P,2022,2026,20.9,311,-27,,*06ek7*,
339,11,Tyler Locklear,SEA,1B,2022,Debuted,24.1,120,-219,UP,*05xu8*,Y
340,11,Miguel Ullola,HOU,P,2021,2025,22.6,562,222,,*061xq*,
341,11,Brendan Tunink,LAD,OF,2024,2027,19.3,314,-27,,*06q33*,
342,11,Dylan Dreiling,TEX,OF,2024,2026,21.7,315,-27,,*06kk8*,
343,11,Cole Mathis,CHC,1B,2024,2026,21.5,316,-27,,*06j3h*,
344,11,Blake Burke,MIL,1B,2024,2026,21.6,317,-27,,*062jb*,
345,12,Gabriel Rodriguez,CLE,SS,2024,2028,17.7,318,-27,,*06jgx*,
346,12,Griff O'Ferrall,BAL,SS,2024,2026,21.9,319,-27,,*062k7*,
347,12,Kaelen Culpepper,MIN,SS,2024,2026,22,320,-27,,*06hx4*,
348,12,Brandon Birdsell,CHC,P,2022,2025,24.8,226,-122,,*05jr4*,
349,12,Dante Nori,PHI,OF,2024,2027,20.3,322,-27,,*06ien*,
350,12,Cooper Hjerpe,STL,P,2022,2025,23.8,263,-87,,*05yef*,Y
351,12,Joey Oakie,CLE,P,2024,2027,18.7,324,-27,,*06hf0*,
352,12,Boston Bateman,SD,P,2024,2027,19.3,325,-27,,*06kkb*,
353,12,Brody Brecht,COL,P,2024,2026,22.3,326,-27,,*05ybz*,
354,12,Joswa Lugo,LAA,SS,2024,2028,18,372,18,,*06ica*,
355,12,Gage Jump,OAK,P,2024,2026,21.8,328,-27,,*05t9g*,
356,12,Luke Holman,CIN,P,2024,2026,22,329,-27,,*05yh6*,
357,12,Henry Lalane,NYY,P,2021,2026,20.7,351,-6,,*05ym5*,
358,12,Jeral Perez,CHW,"2B,SS",2022,2026,20.2,206,-152,,*061mj*,Y
359,12,Josh Knoth,MIL,P,2023,2026,19.4,332,-27,,*069zn*,Y
360,12,Ben Williamson,SEA,3B,2023,2025,24.2,302,-58,,*06dqd*,
361,12,Cory Lewis,MIN,P,2022,2025,24.3,475,114,,*060hm*,
362,12,Tekoah Roby,STL,P,2020,2025,23.3,425,63,,*05jqh*,Y
363,12,Anderson Brito,HOU,P,2023,2027,20.5,336,-27,,*06me7*,
364,12,Caleb Durbin,MIL,"2B,3B",2021,2025,24.9,385,21,,*05y4b*,Y
365,12,Payton Martin,LAD,P,2022,2026,20.7,339,-26,,*066dq*,
366,12,Tytus Cissell,ARI,SS,2024,2027,18.8,341,-25,,*06q32*,
367,12,Brandon Young,BAL,P,2020,2025,26.4,566,199,,*05r3a*,
368,12,Zander Mueth,PIT,P,2023,2026,19.6,343,-25,,*05y3m*,Y
369,12,Trey Sweeney,DET,SS,2021,Debuted,24.7,344,-25,,*05tuw*,Y
370,12,Kyle DeBarge,MIN,SS,2024,2026,21.5,345,-25,,*06kkg*,
371,12,Trent Harris,SF,P,2023,2025,25.2,346,-25,,*06hu8*,
372,12,Michael Burrows,PIT,P,2018,Debuted,25.2,347,-25,,*04pvl*,Y
373,12,Jhancarlos Lara,ATL,P,2021,2026,22,348,-25,,*06cev*,Y
374,12,Hector Rodriguez,CIN,OF,2021,2026,20.8,349,-25,,*05xse*,
375,12,Jared Thomas,COL,OF,2024,2026,21.5,350,-25,,*06mpb*,
376,12,Chase Mobley,CLE,P,2024,2027,18.6,483,107,,*05uc1*,
377,12,Cameron Sullivan,CLE,P,2024,2027,18.8,482,105,,*06pqm*,
378,12,Jackson Nezuh,HOU,P,2023,2026,22.9,396,18,,*06dlx*,Y
379,12,Humberto Cruz,SD,P,2024,2028,18.1,670,291,,*06jbn*,
380,12,Edgleen Perez,NYY,C,2023,2027,18.6,374,-6,,*06iej*,Y
381,12,Owen Hall,DET,P,2024,2027,19.2,363,-18,,*06hey*,
382,12,Carlson Reed,PIT,P,2023,2026,22.1,353,-29,,*06hvy*,Y
383,12,Cameron Cauley,TEX,"2B,SS",2021,2025,21.9,457,74,,*05uvx*,Y
384,12,Echedry Vargas,MIA,SS,2022,2027,19.9,201,-183,,*061v7*,
385,12,Joe Mack,MIA,C,2021,2026,22,354,-31,,*05rcd*,Y
386,12,Tyler Gough,SEA,P,2022,20226,21.4,NR,NA,,*0649f*,
387,12,Bishop Letson,MIL,P,2023,2026,20.3,356,-31,,*06gjw*,
388,12,Cayden Wallace,WSH,3B,2022,2025,23.4,357,-31,,*05jq9*,Y
389,12,Elmer Rodriguez-Cruz,NYY,P,2021,2025,21.4,333,-56,,*05xoo*,Y
390,12,Mason Black,SF,P,2021,Debuted,25.1,653,263,,*05r3g*,
391,12,Garrett Baumann,ATL,P,2023,2027,20.4,359,-32,,*06aqk*,Y
392,12,Luis Guanipa,ATL,OF,2023,2028,19.1,360,-32,,*066me*,Y
393,12,Dillon Head,MIA,OF,2023,2026,20.3,433,40,,*066nq*,Y
394,12,Keyner Benitez,MIA,P,2023,2027,18.6,361,-33,,*06bs9*,
395,12,David Shields,KC,P,2024,2027,18.3,408,13,,*06kke*,
396,12,Dasan Hill,MIN,P,2024,2027,19.1,362,-34,,*06mnh*,
397,12,Ryan Forcucci,HOU,P,2024,2026,22.1,403,6,,*06kkj*,
398,12,Jaxon Wiggins,CHC,P,2023,2025,23.3,364,-34,,*05u2p*,
399,12,Emilien Pitre,TB,2B,2024,2026,22.3,321,-78,,*06nua*,
400,12,Conrad Cason,BOS,SS,2024,2027,18.4,459,59,,*06nzs*,
401,12,Ayden Johnson,ATH,SS,2025,2029,16.9,NR,NA,,*06qse*,
402,12,Ty Madden,DET,P,2021,Debuted,24.9,367,-35,,*05oqe*,Y
403,12,Jackson Humphries,CLE,P,2022,2026,20.5,660,257,,*0648g*,
404,12,Jacob Bresnahan,SF,P,2023,2026,19.5,368,-36,,*06ht3*,Y
405,12,Payton Tolle,BOS,P,2024,2026,22.2,507,102,,*06gwk*,
406,12,Joshua Kuroda-Grauer,OAK,SS,2024,2026,22,NR,NA,,*06nue*,
407,12,Isaiah Lowe,SD,P,2022,2026,21.7,571,164,,*06586*,
408,12,Michael Morales,SEA,P,2021,2025,22.4,700,292,,*05uwp*,
409,12,Juneiker Caceres,CLE,OF,2024,2028,17.4,371,-38,,*06mmx*,
410,12,Jordan Sanchez,BAL,OF,2024,2027,19.3,395,-15,,*06ie9*,
411,12,Adrian Bohorquez,MIN,P,2023,2026,19.9,NR,NA,,*06ltf*,
412,12,Max Muncy,OAK,SS,2021,2026,22.4,524,112,,*05t9l*,Y
413,12,David Davalillo,TEX,P,2022,2026,22.3,477,64,,*06mio*,
414,13,Caleb Lomavita,WSH,C,2024,2026,22.2,373,-41,,*06ibi*,Y
415,13,Engelth Urena,NYY,C,2022,2026,20.4,511,96,,*066re*,Y
416,13,Elvin Garcia,BAL,SS,2024,2027,18,375,-41,,*06jgz*,
417,13,Rainiel Rodriguez,STL,C,2024,2027,18,376,-41,,*06mnp*,
418,13,Otto Kemp,PHI,"2B,3B",2022,2025,25.4,377,-41,,*066al*,Y
419,13,Ethan Anderson,BAL,C,2024,2026,21.3,378,-41,,*06dqr*,
420,13,Chase Harlan,LAD,3B,2024,2027,18.5,379,-41,,*06kjz*,
421,13,Joe Rock,TB,P,2021,2025,24.5,615,194,,*05tdd*,
422,13,Tony Blanco Jr.,PIT,UT,2022,2027,19.7,381,-41,,*05yci*,Y
423,13,Ryan Gusto,HOU,P,2019,Debuted,25.8,382,-41,,*0518s*,
424,13,Axiel Plaz,PIT,"C,1B",2022,2027,19.4,305,-119,,*0622o*,Y
425,13,Tjayy Walton,PHI,OF,2023,2027,20,384,-41,,*05u9p*,Y
426,13,Devin Saltiban,PHI,2B,2023,2026,19.9,420,-6,,*06ekm*,Y
427,13,Kevin Bazzell,WSH,3B,2024,2026,21.8,,,,*06c5i*,Y
428,13,Mick Abel,PHI,P,2020,2025,23.4,387,-41,,*05g4k*,Y
429,13,Lazaro Estrada,TOR,P,2018,2025,25.7,388,-41,,*04up8*,Y
430,13,Mike Sirota,LAD,OF,2024,2026,21.6,484,54,,*066ip*,
431,13,Gavin Cross,KC,OF,2022,2025,23.9,389,-42,,*05tcd*,Y
432,13,Edward Lantigua,NYM,OF,2024,2028,18.2,337,-95,,*06ice*,
433,13,Angel Feliz,WSH,3B,2024,2028,20.9,755,322,,*06ibw*,
434,13,Andrew Walters,CLE,P,2023,Debuted,24.1,390,-44,,*061a8*,
435,13,Craig Yoho,MIL,P,2023,2025,25.2,391,-44,,*06fzq*,
436,13,Skylar Hales,TEX,P,2023,2025,23.2,392,-44,,*06ew1*,Y
437,13,Troy Taylor,SEA,P,2022,Debuted,23.3,393,-44,,*065ns*,
438,13,Marc Church,TEX,P,2019,Debuted,23.8,394,-44,,*051du*,Y
439,13,Khal Stephen,TOR,P,2024,2027,22.1,700,261,,*06nub*,
440,13,Johnny King,TOR,P,2024,2027,18.5,404,-36,,*06n3o*,
441,13,Yahil Melendez,CHC,SS,2023,2027,19.4,495,54,,*06fqw*,
442,13,Aron Estrada,BAL,"2B,SS",2022,2026,20,369,-73,,*0630n*,
443,13,Sean Sullivan,COL,P,2023,2025,22.5,312,-131,,*06ahu*,
444,13,Ben Kudrna,KC,P,2021,2025,22,539,95,,*05t9i*,Y
445,13,RJ Schreck,TOR,OF,2023,2025,24.5,397,-48,,*0603l*,
446,13,Jordy Vargas,COL,P,2021,2026,21.2,398,-48,,*05un4*,
447,13,Sammy Siani,PIT,OF,2019,2025,24.1,399,-48,,*04yik*,Y
448,13,Trevor Martin,TB,P,2022,2025,24.1,400,-48,,*06309*,Y
449,13,Brian Holiday,STL,P,2024,2026,21.6,401,-48,,*06nuf*,
450,13,Aiden May,MIA,P,2024,2026,21.7,402,-48,,*06mwh*,
451,13,Drew Beam,KC,P,2024,2026,18.9,327,-124,,*060ig*,
452,13,Aroon Escobar,PHI,2B,2022,2027,20,452,0,,*06423*,
453,13,Juan Baez,MIL,"2B,3B",2022,2026,19.5,445,-8,,*06c2b*,
454,13,Blake Larson,CHW,P,2024,2027,18.9,405,-49,,*05ydm*,
455,13,Bryce Cunningham,NYY,P,2024,2026,22.1,472,17,,*06l3m*,
456,13,Thatcher Hurd,NYY,P,2024,2026,22.1,406,-50,,*05t9k*,
457,13,Bryce Meccage,MIL,P,2024,2026,18.8,407,-50,,*06mnf*,
458,13,Steven Zobac,KC,P,2022,2025,24.3,441,-17,,*06488*,Y
459,13,Chris Cortez,LAA,P,2024,2025,22.3,409,-50,,*066kw*,
460,13,Tyson Neighbors,SD,P,2024,2025,22.3,NR,NA,,*06cq9*,
461,13,Drew Romo,COL,C,2020,Debuted,23.4,410,-51,,*05gwr*,Y
462,13,Seth Johnson,PHI,P,2019,Debuted,26.3,411,-51,,*0511t*,
463,13,Yohandy Morales,WSH,"1B,3B",2023,2025,23.3,615,152,,*05js4*,
464,13,Charles McAdoo,TOR,3B,2023,2025,22.9,239,-225,,*06f0z*,Y
465,13,Trey Gibson,BAL,P,2023,2025,22.7,NR,NA,,*06mc1*,
466,13,Gabriel Hughes,COL,P,2022,2026,23.4,413,-53,,*05ubl*,
467,13,Izack Tiger,TEX,P,2023,2026,23.9,612,145,,*06fqy*,
468,13,Ricardo Olivar,MIN,C,2021,2025,23.4,414,-54,,*06437*,Y
469,13,Henry Bolte,OAK,OF,2022,2026,21.4,342,-127,UP,*05y7t*,Y
470,13,Ryan Johnson,LAA,P,2024,2026,22.4,533,63,,*05zq4*,
471,13,Tyler Stuart,WSH,P,2022,2025,25.3,416,-55,,*0648p*,Y
472,13,Casey Cook,TEX,OF,2024,2026,22.3,NR,NA,,*06nui*,
473,13,Logan Wagner,LAD,1B,2022,2025,20.8,417,-56,UP,*06497*,
474,13,Ryan Lobus,TEX,P,2023,2025,24.4,418,-56,,*06htt*,Y
475,13,Kavares Tears,SD,OF,2024,2026,22.4,418,-57,,*06mx1*,
476,13,Andres Valor,MIA,OF,2023,2027,19.2,419,-57,,*06aq4*,
477,13,Filippo Di Turi,MIL,"2B,SS",2023,2026,19.2,463,-14,,*066mf*,Y
478,13,Blake Wolters,KC,P,2023,2026,20.2,500,22,,*06c1k*,Y
479,13,Walker Martin,SF,SS,2023,2026,20.9,422,-57,,*066t4*,
480,13,Everson Pereira,NYY,OF,2017,Debuted,23.8,423,-57,,*04is5*,Y
481,13,Fernando Cruz,CHC,SS,2024,2027,18.2,424,-57,,*05yck*,
482,13,Luis De Leon,BAL,P,2021,2026,21.8,600,118,,*06ckl*,
483,13,Dane Acker,TEX,P,2020,2025,25.8,696,213,,*051hu*,
484,13,Bo Davidson,SF,OF,2023,2026,22.5,427,-57,,*06hua*,
485,13,Jose Anderson,MIL,OF,2024,2028,18.1,428,-57,,*06me6*,
486,13,Mavis Graves,PHI,P,2022,2026,21.2,429,-57,,*06578*,
487,13,Creed Willems,BAL,"C,1B",2021,2025,21.6,430,-57,UP,*05y3x*,Y
488,13,Robert Arias,CLE,OF,2024,2028,18.3,688,200,,*06ibn*,
489,14,Robert Hipwell,SF,3B,2024,2026,21.9,NR,NA,,*06oh3*,
490,14,Cole Messina,COL,C,2024,2026,21.7,432,-58,,*06k7q*,Y
491,14,Javier Vaz,KC,OF,2022,2025,24.3,718,227,,*066k3*,Y
492,14,Graham Pauley,MIA,3B,2022,Debuted,24.3,434,-58,,*066lr*,Y
493,14,Jacob Gonzalez,CHW,SS,2023,2025,22.6,435,-58,,*05tzp*,Y
494,14,Ching-Hsien Ko,LAD,UT,2024,2028,18.4,436,-58,,*06oh1*,
495,14,Lisbel Diaz,SF,OF,2023,2026,19.5,531,36,,*06dvu*,
496,14,Cameron Weston,BAL,P,2022,2025,24.4,NR,NA,,*066b1*,
497,14,Adam Serwinowski,CIN,P,2022,2026,20.6,437,-60,,*066az*,
498,14,Blake Burkhalter,ATL,P,2022,2025,24.3,438,-60,,*0630k*,Y
499,14,Matt Wilkinson,CLE,P,2023,2026,22.1,313,-186,,*06dmr*,
500,14,Jeremy Pilon,TB,P,2023,2026,19.3,NR,NA,,*06hp3*,Y
501,14,Edward Florentino,PIT,1B,2024,2028,18.2,439,-62,,*06mh4*,
502,14,Justin Gonzales,BOS,1B,2024,2028,18,440,-62,,*06mff*,
503,14,Brian Sanchez,NYY,OF,2023,2026,20.5,753,250,,*06iad*,Y
504,14,Kenny Fenelon,MIL,OF,2025,2029,17.3,NR,NA,,*060o7*,
505,14,Henry Baez,SD,P,2021,2025,22.3,443,-62,,*05iyp*,
506,14,Julian Aguiar,CIN,P,2021,Debuted,23.6,444,-62,,*05yg3*,
507,14,Felix Arronde,KC,P,2021,2026,21.7,1105,598,,*06g2a*,Y
508,14,Daiber De Los Santos,MIN,SS,2024,2028,18.3,986,478,,*06hyr*,
509,14,Luis Lara,MIL,OF,2022,2026,20.2,446,-63,,*060yn*,Y
510,14,Billy Cook,PIT,OF,2021,Debuted,26,447,-63,,*05y46*,Y
511,14,Matthew Etzel,TB,OF,2023,2025,22.7,448,-63,,*06fut*,Y
512,14,Robert Hassell,WSH,OF,2020,2025,23.4,449,-63,,*05gbe*,Y
513,14,Johanfran Garcia,BOS,C,2022,2026,20.1,875,362,,*05yig*,
514,14,Braxton Bragg,BAL,P,2023,2026,24.2,451,-63,,*06fzr*,
515,14,Javier Mogollon,CHW,2B,2023,2027,19.2,702,187,,*06bsh*,
516,14,Victor Lizarraga,SD,P,2021,2026,21.1,386,-130,,*05n5o*,
517,14,Troy Melton,DET,P,2022,2025,24.1,453,-64,,*05uc4*,
518,14,Keeler Morfe,BAL,P,2023,2028,18.6,454,-64,,*06akv*,
519,14,Rodney Green,OAK,OF,2024,2026,21.8,NR,NA,,*06ag6*,
520,14,Austin Peterson,CLE,P,2022,2025,25.3,455,-65,,*061bn*,
521,14,Kyle Hurt,LAD,P,2020,Debuted,26.6,456,-65,,*05jq7*,
522,14,Jose Gonzalez,TEX,P,2019,2025,23.4,481,-41,,*06mcd*,Y
523,14,William Bergolla,CHW,"2B,SS",2022,2026,20.2,458,-65,,*05w8l*,Y
524,14,Sam Antonacci,CHW,SS,2024,2026,21.9,NR,NA,,*06plc*,Y
525,14,Allan Castro,BOS,OF,2019,2025,21.6,460,-65,,*061yp*,Y
526,14,Juan Valera,BOS,P,2023,2027,18.7,461,-65,,*06mlb*,Y
527,14,Arnaldo Lantigua,LAD,OF,2023,2027,19.1,462,-65,,*066mp*,
528,14,Cobb Hightower,SD,SS,2024,2027,19.8,NR,NA,,*06o8p*,
529,14,Abrahan Ramirez,MIA,SS,2022,2026,20.3,546,17,,*06ax7*,Y
530,14,Adam Macko,TOR,P,2019,2025,24,537,7,,*0515q*,Y
531,14,Nehomar Ochoa,HOU,OF,2023,2026,19.5,466,-65,,*06fto*,Y
532,14,Gage Miller,MIA,2B,2024,2026,21.9,467,-65,,*06nud*,Y
533,14,John Gil,ATL,SS,2023,2027,18.7,468,-65,,*06hsz*,Y
534,14,Trey Gregory-Alford,LAA,P,2024,2027,18.7,469,-65,,*06kk7*,
535,14,Yu-Min Lin,ARI,P,2021,2025,21.5,470,-65,,*061wi*,Y
536,14,Kyle DeGroat,KC,P,2024,2027,19,532,-4,,*06qsh*,
537,14,Samuel Zavala,CHW,OF,2021,2026,20.5,334,-203,UP,*05rdr*,Y
538,14,Darlin Saladin,STL,P,2019,2025,22,473,-65,,*06lu6*,
539,14,Gabriel Gonzalez,MIN,OF,2021,2026,21,267,-272,,*05rcs*,Y
540,14,Josh Stephan,TEX,P,2020,2025,23.2,476,-64,,*05y5g*,Y
541,14,Tavian Josenberger,BAL,"2B,OF",2023,2026,23.2,664,123,,*06drq*,Y
542,14,Cristian Mena,ARI,P,2019,Debuted,22.1,478,-64,,*05ita*,Y
543,14,Herick Hernandez,ATL,P,2024,2026,21.4,479,-64,,*06oo1*,
544,14,Franyerber Montilla,DET,"2B,SS",2022,2026,19.7,480,-64,,*064og*,Y
545,14,Damiano Palmegiani,TOR,"1B,3B",2021,2025,25,634,89,UP,*05wbq*,
546,14,Yasser Mercedes,MIN,OF,2022,2026,20.2,358,-188,,*05ych*,Y
547,14,Hyun-Seok Jang,LAD,P,2023,2026,20.8,299,-248,,*06f8f*,
548,14,Chen Zhong-Ao Zhuang,OAK,P,2021,2026,24.4,496,-52,,*05zdc*,
549,14,Carlos Jorge,CIN,OF,2021,2026,21.3,485,-64,UP,*05rf5*,
550,14,Leonardo Bernal,STL,C,2021,2025,20.9,486,-64,UP,*05rcw*,Y
551,14,A.J. Ewing,NYM,SS,2023,2026,20.4,513,-38,,*06dn7*,
552,14,Jorge Quintana,MIL,SS,2024,2028,17.8,487,-65,,*06ibm*,
553,14,Anthony Solometo,PIT,P,2021,2025,22.1,489,-64,,*05t7a*,Y
554,14,Yordany De Los Santos,PIT,SS,2022,2026,19.9,490,-64,,*05ygt*,Y
555,14,Hiro Wyatt,KC,P,2023,2026,20.4,501,-54,,*06dqf*,Y
556,14,Ethan Schiefelbein,DET,P,2024,2027,18.8,503,-53,,*06kkc*,
557,14,Ty Floyd,CIN,P,2023,2025,23.4,504,-53,,*05u2l*,
558,14,Jayden Dubanewicz,MIL,P,2024,2027,18.8,505,-53,,*06qqn*,
559,14,Tyler Renz,MIL,P,2024,2027,18.1,506,-53,,*06qp3*,
560,14,Thomas Sosa,BAL,OF,2022,2026,20,509,-51,,*061zu*,
561,14,Callan Moss,KC,1B,2024,2026,21.4,510,-51,,*06pk8*,Y
562,14,Shane Smith,CHW,P,2022,2025,24.8,551,-11,,*06dqb*,
563,14,Blake Money,BAL,P,2023,2026,23.2,442,-121,,*05zyc*,
564,14,Austin Gauthier,LAD,"2B,SS,OF",2021,2025,25.7,431,-133,UP,*0629a*,
565,14,Manny Cedeno,NYY,SS,2025,2029,16.4,NR,NA,,*06qsd*,
566,14,George Valera,CLE,OF,2017,2025,24.2,491,-75,UP,*04fqi*,Y
567,14,Juan Mercedes,SF,P,2017,2025,24.8,521,-46,,*05yfj*,
568,14,Leo Balcazar,CIN,SS,2021,2026,20.6,493,-75,,*05unp*,
569,14,Carson Palmquist,COL,P,2022,2026,24.2,471,-98,,*05ybw*,
570,14,Adriel Radney,ARI,OF,2024,2028,17.6,512,-58,,*06hyp*,
571,14,John Garcia,HOU,C,2022,2025,24.3,499,-72,,*066fk*,Y
572,14,Gage Ziehl,NYY,P,2024,2026,21.7,NR,NA,,*066iu*,
573,14,Nate Furman,SF,2B,2022,2025,23.5,515,-58,,*06487*,
574,14,Kleimir Lemos,TEX,"1B,3B",2022,2027,19.6,412,-162,,*06c0y*,
575,14,Grant Knipp,SEA,C,2024,2026,23.1,706,131,,*06kyo*,
576,14,Eli Lovich,CHC,OF,2024,2027,19.4,NR,NA,,*06qev*,
577,14,Carter Frederick,KC,OF,2024,2026,22.5,NR,NA,,*06pik*,Y
578,14,Brad Lord,WSH,P,2022,2025,24.9,474,-104,,*066du*,
579,14,Joseph Sullivan,HOU,OF,2024,2026,22.5,NR,NA,,*06qgp*,Y
580,14,Carter Holton,ATL,P,2024,2026,22.4,508,-72,,*05yit*,Y
581,14,Braylin Antunez,MIL,OF,2025,2029,17.1,NR,NA,,,
582,14,Diego Tornes,ATL,OF,2025,2029,16.5,NR,NA,,*06qhe*,
583,14,Wilfry De La Cruz,CHC,SS,2025,2029,17.3,NR,NA,,,
584,14,Nick Frasso,LAD,P,2020,2025,26.2,514,-70,,*05jpo*,
585,14,Jack Hurley,ARI,OF,2023,2025,22.8,582,-3,,*060u1*,
586,14,Patrick Reilly,BAL,P,2023,2025,23.3,518,-68,,*05jpm*,Y
587,14,Manuel Rodriguez,MIL,P,2022,2026,19.4,519,-68,,*06ayq*,Y
588,14,Joey Broughton,MIL,P,2024,2027,19.1,520,-68,,*06pfg*,
589,14,Andy Perez,COL,SS,2021,2026,20.6,517,-72,,*06aw7*,
590,14,Dameury Pena,MIN,2B,2023,2026,19.4,596,6,,*06ek8*,Y
591,14,Casey Saucke,CHW,OF,2024,2026,21.5,NR,NA,,*060q3*,Y
592,14,Josh Hartle,CLE,P,2024,2026,21.8,534,-58,,*05t7b*,
593,14,Jose Davila,STL,P,2019,2026,22.2,543,-50,,*05h7l*,
594,14,Leonardo Pineda,TB,OF,2024,2027,17.7,526,-68,,*06ibs*,
595,14,Fenwick Trimble,MIA,OF,2024,2026,22.4,523,-72,,*06o0l*,
596,14,Max Anderson,DET,3B,2023,2025,22.9,529,-67,,*06dmp*,
597,14,Daniel Eagen,ARI,P,2024,2026,22.1,610,13,,*06o03*,
598,14,Parker Smith,HOU,P,2024,2026,21.9,NR,NA,,*06oo2*,
599,14,Jake Gelof,LAD,3B,2023,2026,22.9,781,182,,*060g1*,Y
600,14,Jagger Haynes,SD,P,2020,2026,22.4,370,-230,,*05lfz*,