Ranking,Tier,Player,Team,Position,Signed,ETA,Age,Prev Rank,Movement,OBP,Player ID
1,1,Wyatt Langford,TEX,OF,2023,Debuted,22.6,1,0,,*060pm*
2,1,Junior Caminero,TB,3B,2019,Debuted,20.9,2,0,,*05xch*
3,1,Paul Skenes,PIT,P,2023,Debuted,22,9,6,,*05wru*
4,1,James Wood,WSH,OF,2021,2024,21.7,5,1,UP,*05rat*
5,1,Jackson Holliday,BAL,SS,2022,Debuted,20.5,3,-2,UP,*05ybv*
6,2,Jasson Dominguez,NYY,OF,2019,Debuted,21.3,7,1,UP,*050c3*
7,2,Coby Mayo,BAL,3B,2020,2024,22.5,8,1,,*05js5*
8,2,Dylan Crews,WSH,OF,2023,2024,21.9,10,2,UP,*0596e*
9,2,Roman Anthony,BOS,OF,2022,2024,20.1,15,6,,*05u9z*
10,2,Carson Williams,TB,SS,2021,2025,20.9,23,13,UP,*05t9n*
11,2,Jordan Lawlar,ARI,SS,2021,Debuted,21.9,13,2,,*05r1m*
12,2,Walker Jenkins,MIN,OF,2023,2025,19.3,18,6,,*05u3v*
13,3,Noelvi Marte,CIN,3B,2018,Debuted,22.6,20,7,,*04qnd*
14,3,Heston Kjerstad,BAL,UT,2020,Debuted,25.3,25,11,UP,*0596f*
15,3,Emmanuel Rodriguez,MIN,OF,2019,2025,21.3,17,2,UP,*054p6*
16,3,Colt Emerson,SEA,SS,2023,2025,18.9,28,12,,*060ub*
17,3,Andy Pages,LAD,OF,2018,Debuted,23.5,30,13,UP,*04ru5*
18,3,Kyle Manzardo,CLE,1B,2021,Debuted,23.9,26,8,,*05rfu*
19,3,Samuel Basallo,BAL,C,2021,2025,19.8,22,3,UP,*05rbv*
20,3,Matt Shaw,CHC,2B,2023,2024,22.6,11,-9,,*063vu*
21,3,Max Clark,DET,OF,2023,2025,19.5,29,8,,*05u9y*
22,4,Marcelo Mayer,BOS,SS,2021,2024,21.5,39,17,UP,*05r9j*
23,4,Owen Caissie,CHC,OF,2020,2024,21.9,31,8,UP,*05jsg*
24,4,Xavier Isaac,TB,1B,2022,2025,20.5,40,16,UP,*062pp*
25,4,Noah Schultz,CHW,P,2022,2026,20.8,49,24,,*05uc7*
26,4,Andrew Painter,PHI,P,2021,2025,21.2,34,8,,*05r3i*
27,4,Jackson Jobe,DET,P,2021,2025,21.9,19,-8,,*05rb0*
28,4,Chase DeLauter,CLE,OF,2022,2024,22.6,14,-14,,*05uei*
29,4,Colson Montgomery,CHW,"3B,SS",2021,2024,22.3,27,-2,,*05rch*
30,4,Felnin Celesten,SEA,SS,2023,2027,18.7,95,65,,*05mx9*
31,4,Lazaro Montes,SEA,"1B,OF",2022,2025,19.6,38,7,UP,*05rfc*
32,4,Cade Horton,CHC,P,2022,2024,22.8,33,1,,*05gww*
33,4,Christian Scott,NYM,P,2022,Debuted,25,42,9,,*05xpq*
34,5,Brady House,WSH,SS,2021,2025,21,60,26,,*059bx*
35,5,Harry Ford,SEA,C,2021,2024,21.3,54,19,UP,*05raw*
36,5,Sebastian Walcott,TEX,SS,2023,2027,18.2,45,9,,*0662o*
37,5,Ethan Salas,SD,C,2023,2025,18,21,-16,,*05ybr*
38,5,Brooks Lee,MIN,SS,2022,2024,23.3,37,-1,,*04yig*
39,5,Cole Young,SEA,SS,2022,2026,20.9,46,7,UP,*05y7x*
40,5,Brock Wilken,MIL,3B,2023,2025,22,52,12,,*05ubi*
41,5,Spencer Jones,NYY,OF,2022,2024,23.1,16,-25,,*04yi8*
42,5,Jett Williams,NYM,SS,2022,2026,20.6,38,-4,UP,*060la*
43,5,Aidan Miller,PHI,3B,2023,2026,20,66,23,,*05u36*
44,5,Max Meyer,MIA,P,2020,Debuted,25.2,57,13,,*05a2d*
45,5,Hurston Waldrep,ATL,P,2023,2024,22.3,58,13,,*0603p*
46,5,Bryce Eldridge,SF,OF,2023,2026,19.6,47,1,,*05u96*
47,5,Dylan Beavers,BAL,OF,2022,2025,22.8,100,53,UP,*05xty*
48,5,Joey Loperfido,HOU,OF,2021,Debuted,25.1,62,14,,*05yfl*
49,5,Jordan Beck,COL,OF,2022,Debuted,23.1,63,14,UP,*051b4*
50,6,Joendry Vargas,LAD,SS,2023,2027,18.6,56,6,,*06625*
51,6,Adael Amador,COL,SS,2019,2025,21.2,43,-8,,*04ysv*
52,6,Dalton Rushing,LAD,C,2022,2025,23.3,105,53,UP,*05xtz*
53,6,Agustin Ramirez,NYY,C,2019,2024,22.7,104,51,,*04z6m*
54,6,Drew Thorpe,CHW,P,2022,2025,23.7,68,14,,*05yb1*
55,6,Jefferson Rojas,CHC,SS,2022,2026,19.1,69,14,,*061wh*
56,6,Tommy Troy,ARI,SS,2023,2025,22.4,44,-12,,*05jse*
57,6,Kyle Teel,BOS,C,2023,2025,22.3,61,4,,*05wxy*
58,6,Tink Hence,STL,P,2020,2025,21.8,72,14,,*05jpx*
59,6,Miguel Bleis,BOS,OF,2021,2025,20.3,84,25,,*05m1c*
60,6,Rhett Lowder,CIN,P,2023,2024,22.2,67,7,,*061bo*
61,6,Zebby Matthews,MIN,P,2022,2025,24,325,264,,*066cf*
62,6,Jacob Misiorowski,MIL,P,2022,2024,22.2,50,-12,,*061yu*
63,6,Robby Snelling,SD,P,2022,2025,20.5,35,-28,,*061mh*
64,6,Leodalis De Vries,SD,SS,2024,2027,17.6,36,-28,,*067yc*
65,6,Thomas Saggese,STL,SS,2020,2025,22.2,78,13,DOWN,*05mru*
66,6,Luis Baez,HOU,OF,2022,2026,20.4,155,89,,*060fy*
67,6,Jonny Farmelo,SEA,SS,2023,2026,19.7,117,50,,*066sx*
68,7,Drew Gilbert,NYM,OF,2022,2024,23.7,70,2,,*05xu0*
69,7,Orelvis Martinez,TOR,SS,2018,2024,22.5,64,-5,,*04mms*
70,7,Tyler Locklear,SEA,"1B,3B",2022,2025,23.5,83,13,UP,*05xu8*
71,7,Jacob Melton,HOU,OF,2022,2025,23.7,71,0,UP,*061gx*
72,7,Jairo Iriarte,CHW,P,2018,2025,22.5,85,13,,*060q2*
73,7,David Festa,MIN,P,2021,2024,24.2,109,36,,*05yav*
74,7,Josue De Paula,LAD,OF,2022,2026,19,102,28,,*061zv*
75,7,Adam Mazur,SD,P,2022,2025,23.1,88,13,,*060gg*
76,7,Tyler Black,MIL,2B,2021,Debuted,23.9,90,14,UP,*05u2u*
77,7,Caden Dana,LAA,P,2022,2026,20.5,91,14,,*063e5*
78,7,Noble Meyer,MIA,P,2023,2026,19.4,86,8,,*062yr*
79,7,Luke Keaschall,MIN,2B,2023,2025,21.8,205,126,,*05zh9*
80,7,Bubba Chandler,PIT,P,2021,2025,21.7,73,-7,,*05rik*
81,7,Kevin McGonigle,DET,SS,2023,2026,19.8,145,64,,*05yby*
82,8,Ronny Mauricio,NYM,2B,2017,Debuted,23.2,96,14,DOWN,*04fyo*
83,8,Yoeilin Cespedes,BOS,SS,2023,2027,18.7,97,14,,*066mn*
84,8,Kevin Alcantara,CHC,OF,2018,2024,21.9,81,-3,,*04qow*
85,8,Blade Tidwell,NYM,P,2022,2024,23,174,89,,*05u2q*
86,8,Graham Pauley,SD,3B,2022,Debuted,23.7,77,-9,,*066lr*
87,8,AJ Smith-Shawver,ATL,P,2021,Debuted,21.5,80,-7,,*05uy5*
88,8,Cade Povich,BAL,P,2021,2024,24.2,116,28,,*05xop*
89,8,Chayce McDermott,BAL,P,2021,2024,25.8,144,55,,*05uws*
90,8,Luisangel Acuna,NYM,SS,2018,2024,22.2,101,11,,*04z6k*
91,8,Termarr Johnson,PIT,2B,2022,2026,20,76,-15,UP,*05rc5*
92,8,Connor Norby,BAL,2B,2021,2024,24,89,-3,,*05tce*
93,8,Moises Ballesteros,CHC,C,2020,2026,20.6,159,66,UP,*05rbs*
94,8,Edgar Quero,CHW,C,2021,2025,21.2,103,9,,*05un2*
95,8,Robert Calaz,COL,OF,2023,2027,18.5,192,97,,*066mo*
96,8,Emil Morales,LAD,SS,2024,2027,17.7,176,80,,*06ibo*
97,8,Chase Dollander,COL,P,2023,2024,22.6,148,51,,*05yj0*
98,8,Thomas White,MIA,P,2023,2026,19.7,106,8,,*05tp6*
99,8,Robert Gasser,MIL,P,2021,Debuted,25,123,24,,*05u6r*
100,8,Eduardo Quintero,LAD,OF,2023,2027,18.7,152,52,,*06c79*
101,8,Victor Scott,STL,OF,2022,Debuted,,82,-19,,*0648z*
102,8,Logan Evans,SEA,P,2023,2026,23,336,234,,*06hv8*
103,8,Ricky Tiedemann,TOR,P,2021,2024,21.8,48,-55,,*05js6*
104,8,Cade Cavalli,WSH,P,2020,Debuted,25.8,115,11,,*05gef*
105,8,Santiago Suarez,TB,P,2022,2026,19.4,79,-26,,*0620x*
106,9,Ralphy Velazquez,CLE,C,2023,2026,19,98,-8,,*067yp*
107,9,Jeral Perez,LAD,SS,2022,2027,19.6,241,134,,*061mj*
108,9,Cam Collier,CIN,3B,2022,2026,19.5,110,2,,*05u1y*
109,9,Jaden Hamm,DET,P,2023,2025,21.8,187,78,,*06f0u*
110,9,Jace Jung,DET,2B,2022,2025,23.6,112,2,UP,*05tzg*
111,9,Spencer Schwellenbach,ATL,P,2021,2025,24,261,150,,*05tq1*
112,9,Owen Murphy,ATL,P,2022,2026,20.7,94,-18,,*062pm*
113,9,Jacob Gonzalez,CHW,3B,2023,2025,22,347,234,,*05tzp*
114,9,Addison Barger,TOR,SS,2018,Debuted,24.6,114,0,,*04qii*
115,9,Luis Perales,BOS,P,2019,2025,21.1,193,78,,*05gd5*
116,9,Yanquiel Fernandez,COL,OF,2019,2026,21.4,163,47,DOWN,*05g3k*
117,9,Bryan Ramos,CHW,3B,2018,Debuted,22.2,130,13,UP,*059bs*
118,9,Abimelec Ortiz,TEX,1B,2021,2025,22.3,59,-59,,*05uv5*
119,9,Jaison Chourio,CLE,OF,2022,2027,19,119,0,,*05yix*
120,9,Sal Stewart,CIN,3B,2022,2026,20.5,134,14,UP,*05u9o*
121,9,Zac Veen,COL,OF,2020,2024,22.5,139,18,,*05gbg*
122,9,Colby Thomas,OAK,OF,2022,2025,23.4,161,39,UP,*0630e*
123,9,Zyhir Hope,LAD,OF,2023,2026,19.4,121,-2,,*06eyu*
124,9,Thayron Liranzo,LAD,C,2021,2026,20.9,141,17,,*05r64*
125,9,Angel Genao,CLE,SS,2021,2027,20,222,97,,*05r5e*
126,9,Arjun Nimmala,TOR,SS,2023,2026,18.6,55,-71,,*05y3p*
127,10,Justin Wrobleski,LAD,P,2021,2025,23.9,153,26,,*05y9r*
128,10,Chase Petty,CIN,P,2021,2026,21.2,87,-41,,*05raz*
129,10,Josue Briceno,DET,C,2023,2026,19.7,126,-3,,*0637j*
130,10,Jay Allen,CIN,OF,2021,2025,21.5,641,511,,*05t9f*
131,10,Yophery Rodriguez,MIL,OF,2023,2026,18.5,99,-32,,*066mq*
132,10,Zach Dezenzo,HOU,3B,2022,2025,24.1,120,-12,,*0641c*
133,10,Juan Brito,CLE,"2B,SS",2018,2024,22.7,128,-5,UP,*05yhe*
134,10,Carson Whisenhunt,SF,P,2022,2024,23.6,122,-12,,*05y7v*
135,10,Justin Foscue,TEX,"2B,OF",2020,Debuted,25.3,129,-6,UP,*05gsg*
136,10,Everson Pereira,NYY,OF,2017,Debuted,23.2,131,-5,,*04is5*
137,10,Jeferson Quero,MIL,C,2019,2024,21.7,132,-5,,*05gss*
138,10,Brailer Guerrero,TB,OF,2023,2028,17.9,189,51,,*066mz*
139,10,Travis Sykora,WSH,P,2023,2026,20.1,345,206,,*05ycl*
140,10,Deyvison De Los Santos,ARI,1B,2019,2025,21,299,159,DOWN,*05nsq*
141,10,Marco Luciano,SF,SS,2018,Debuted,22.7,160,19,UP,*04ooy*
142,10,Tai Peete,SEA,SS,2023,2026,18.8,178,36,,*06c7i*
143,10,George Lombard Jr.,NYY,SS,2023,2026,19,137,-6,,*06b72*
144,10,Gabriel Gonzalez,MIN,OF,2021,2025,20.4,138,-6,,*05rcs*
145,10,Brayden Taylor,TB,3B,2023,2025,22,118,-27,,*05wy1*
146,10,Hayden Birdsong,SF,P,2022,2025,22.8,204,58,,*06650*
147,10,River Ryan,LAD,P,2021,2024,25.8,140,-7,,*05ynx*
148,10,Grant Taylor,CHW,P,2023,2026,22,247,99,,*066er*
149,10,Winston Santos,TEX,P,2019,2025,22.1,236,87,,*061lj*
150,10,Marco Raya,MIN,P,2020,2024,21.8,142,-8,,*05mrp*
151,10,Thomas Harrington,PIT,P,2022,2024,22.9,143,-8,,*05zya*
152,10,Anthony Solometo,PIT,P,2021,2025,21.5,127,-25,,*05t7a*
153,10,Henry Lalane,NYY,P,2021,2026,20,124,-29,,*05ym5*
154,11,Johnathan Rodriguez,CLE,OF,2016,Debuted,24.6,185,31,,*04gdw*
155,11,Nick Nastrini,CHW,P,2021,Debuted,24.3,145,-10,,*05wbp*
156,11,Brandon Sproat,NYM,P,2023,2025,23.7,297,141,,*0515o*
157,11,Aidan Smith,SEA,OF,2023,2026,19.9,165,8,,*06dq9*
158,11,Cole Carrigg,COL,OF,2023,2026,22.1,146,-12,,*066eo*
159,11,Jonatan Clase,SEA,OF,2018,Debuted,22,147,-12,,*057zc*
160,11,Walker Martin,SF,SS,2023,2026,20.3,158,-2,,*066t4*
161,11,Hunter Barco,PIT,P,2022,2025,23.5,305,144,,*04nb5*
162,11,George Klassen,PHI,P,2023,2026,22.4,149,-13,,*067xm*
163,11,Yilber Diaz,ARI,P,2021,2024,23.8,794,631,,*06agh*
164,11,Samuel Zavala,CHW,OF,2021,2026,19.9,151,-13,UP,*05rdr*
165,11,Alex Freeland,LAD,SS,2022,2026,22.8,263,98,,*05xu1*
166,11,Chase Hampton,NYY,P,2022,2025,22.8,111,-55,,*05yh3*
167,11,Jack Leiter,TEX,P,2021,Debuted,24.1,74,-93,,*04y9o*
168,11,Starlyn Caba,PHI,SS,2023,2027,18.5,276,108,,*066mx*
169,11,Jesus Baez,NYM,SS,2022,2026,19.3,254,85,,*061rf*
170,11,Ricardo Cabrera,CIN,SS,2022,2026,19.6,113,-57,,*05rjo*
171,11,C.J. Kayfus,CLE,1B,2023,2025,22.6,361,190,,*06dn6*
172,11,Hector Rodriguez,CIN,OF,2021,2026,20.2,154,-18,,*05xse*
173,11,Roderick Arias,NYY,SS,2022,2027,19.7,64,-109,UP,*05gec*
174,11,Cooper Pratt,MIL,SS,2023,2026,19.8,156,-18,,*067xj*
175,11,Echedry Vargas,TEX,3B,2022,2027,19.3,157,-18,,*061v7*
176,11,Charles McAdoo,PIT,3B,2023,2026,22.2,387,211,,
177,11,Austin Gauthier,LAD,SS,2021,2025,25.1,331,155,UP,*0629a*
178,11,James Triantos,CHC,"3B,SS",2021,2026,21.4,164,-13,,*05ucf*
179,11,Luis Lara,MIL,OF,2022,2026,19.5,95,-83,,*060yn*
180,11,Ben Williamson,SEA,3B,2023,2025,23.6,226,47,,*06dqd*
181,12,Ryan Clifford,NYM,"1B,OF",2022,2026,20.9,135,-45,,*05ge1*
182,12,Enrique Bradfield Jr.,BAL,OF,2023,2024,22.5,162,-19,,*05jre*
183,12,Tekoah Roby,STL,P,2020,2025,22.7,92,-90,,*05jqh*
184,12,Ty Madden,DET,P,2021,2024,24.3,125,-58,,*05oqe*
185,12,Justyn-Henry Malloy,DET,3B,2021,2024,24.3,170,-14,UP,*05uy1*
186,12,Jansel Luis,ARI,2B,2022,2027,19.2,188,3,,*061zn*
187,12,Ramon Ramirez,KC,C,2023,2027,19,166,-20,,*06cn0*
188,12,Quinn Mathews,STL,P,2023,2025,23.7,323,136,,*060gd*
189,12,Ryan Bliss,SEA,SS,2021,Debuted,24.5,177,-11,,*05tc7*
190,12,Justin Crawford,PHI,OF,2022,2026,20.4,169,-20,,*05y30*
191,12,Blake Mitchell,KC,C,2023,2026,19.8,239,49,UP,*05y3q*
192,12,Cooper Hjerpe,STL,P,2022,2024,23.2,167,-24,,*05yef*
193,12,Paulino Santana,TEX,OF,2024,2027,17.5,229,37,,*06ho7*
194,12,Chase Davis,STL,OF,2023,2025,22.5,173,-20,,*05jrf*
195,12,Jacob Wilson,OAK,SS,2023,2025,22.2,262,68,,*0622t*
196,12,Mike Boeve,MIL,3B,2023,2025,22.1,234,39,,*06dnb*
197,12,Eric Bitonti,MIL,SS,2023,2026,18.5,368,172,,*05yed*
198,12,Nelson Rada,LAA,OF,2022,2027,18.8,168,-29,,*05yib*
199,12,Ben Brown,CHC,P,2017,Debuted,24.7,211,13,,*04o2w*
200,12,Brandon Winokur,MIN,"SS,OF",2023,2026,19.5,189,-10,,*06dnc*
201,12,Charlee Soto,MIN,P,2023,2026,18.8,196,-4,,*05zq5*
202,12,Edwin Arroyo,CIN,SS,2021,2025,20.8,179,-22,,*05rcj*
203,12,Fernando Cruz,CHC,SS,2024,2027,17.6,195,-7,,*05yck*
204,12,Hyun-Seok Jang,LAD,P,2023,2026,20.2,265,62,,*06f8f*
205,12,Luis Morales,OAK,P,2023,2026,21.7,215,11,,*0662m*
206,12,Jonah Tong,NYM,P,2022,2026,21,236,31,,*0658b*
207,12,Jake Bloss,HOU,P,2023,2026,23,340,134,,*06dqi*
208,12,Luke Adams,MIL,3B,2022,2025,20.1,186,-21,,*06582*
209,12,Logan Henderson,MIL,P,2021,2025,22.3,208,0,,*05uo2*
210,12,Brett Wichrowski,MIL,P,2023,2026,21.8,290,81,,*06huh*
211,12,Dylan Lesko,SD,P,2022,2026,20.7,75,-135,,*05tdl*
212,12,J.R. Ritchie,ATL,P,2022,2026,20.9,244,33,,*05tzo*
213,12,Emiliano Teodo,TEX,P,2020,2025,23.3,266,54,,*05uo4*
214,13,Welbyn Francisca,CLE,SS,2023,2028,18.1,171,-42,,*066mk*
215,13,Dustin Harris,TEX,OF,2019,2024,24.9,180,-34,UP,*0518r*
216,13,Mac Horvath,BAL,3B,2023,2024,22.4,190,-25,,*05yha*
217,13,Rayner Arias,SF,OF,2023,2026,18.1,191,-25,,*066mw*
218,13,Gabriel Rincones Jr.,PHI,OF,2022,2026,23.3,220,3,UP,*0630f*
219,13,Landon Knack,LAD,P,2020,Debuted,26.9,300,82,,*05l9f*
220,13,Sterlin Thompson,COL,"3B,OF",2022,2024,22.9,182,-37,,*05jsc*
221,13,Cristofer Torin,ARI,2B,2022,2026,19,216,-4,,*063dm*
222,13,Ben Rice,NYY,C,2021,2024,25.3,194,-27,,*05yo5*
223,13,Carter Jensen,KC,C,2021,2025,20.9,407,185,UP,*05vy5*
224,13,Alfredo Duno,CIN,C,2023,2028,18.4,224,1,UP,*06626*
225,13,Kyle Hurt,LAD,P,2020,Debuted,26,223,-1,,*05jq7*
226,13,Alexander Canario,CHC,UT,2016,Debuted,24.1,197,-28,,*04hi6*
227,13,Enmanuel Bonilla,TOR,OF,2023,2028,18.4,329,103,,*062hy*
228,13,Druw Jones,ARI,OF,2022,2025,20.5,270,43,,*05tdk*
229,13,Kyle Hurt,LAD,P,2020,Debuted,26,223,-5,,*05jq7*
230,13,Luis De Leon,BAL,P,2021,2026,21.1,481,252,,*06ckl*
231,13,Jackson Ferris,LAD,P,2022,2026,20.4,202,-28,,*05u6g*
232,13,Gavin Cross,KC,OF,2022,2025,23.3,339,108,,*05tcd*
233,13,Mason Adams,CHW,P,2022,2025,24.3,427,195,,*06657*
234,13,Brock Porter,TEX,P,2022,2026,21,108,-125,,*05u6h*
235,13,Josh Knoth,MIL,P,2023,2026,18.8,207,-27,,*069zn*
236,13,Max Muncy,OAK,SS,2021,2026,21.8,181,-54,,*05t9l*
237,13,Trey Sweeney,LAD,SS,2021,2024,24.1,271,35,,*05tuw*
238,13,Jeremy Rodriguez,NYM,SS,2023,2027,17.9,297,60,,*066o8*
239,13,Richard Fitts,BOS,P,2021,2025,24.5,263,25,,*05rav*
240,13,Payton Martin,LAD,P,2022,2025,20,212,-27,,*066dq*
241,13,Gary Gill Hill,TB,P,2022,2026,19.7,507,267,,*064o6*
242,13,Kristian Campbell,BOS,SS,2023,2026,21.9,319,78,,*06f0q*
243,14,Drew Romo,COL,C,2020,2024,22.8,268,26,,*05gwr*
244,14,Jhonkensy Noel,CLE,3B,2017,2024,22.9,281,38,DOWN,*04yrs*
245,14,Carlos Jorge,CIN,SS,2021,2026,20.7,228,-16,UP,*05rf5*
246,14,Victor Mesa Jr.,MIA,OF,2018,2024,22.7,198,-47,,*04y79*
247,14,Zach Penrod,BOS,P,2023,2024,27,423,177,,*06fuv*
248,14,Wikelman Gonzalez,BOS,P,2018,2025,22.2,210,-37,,*052ht*
249,14,Braxton Ashcraft,PIT,P,2018,2024,24.7,284,36,,*04pmq*
250,14,Ignacio Alvarez,ATL,3B,2022,2026,21.2,221,-28,,*064da*
251,14,Will Warren,NYY,P,2021,2024,25,93,-157,,*05yaz*
252,14,Colton Ledbetter,TB,OF,2023,2025,22.6,213,-38,,*0689z*
253,14,Landen Maroudis,TOR,P,2023,2027,19.5,203,-49,,*06dq2*
254,14,Chandler Simpson,TB,OF,2022,2025,23.5,384,131,,*0622w*
255,14,Diego Velasquez,SF,SS,2021,2026,20.7,225,-29,,*05r5f*
256,14,Filippo Di Turri,MIL,SS,2023,2026,18.6,668,413,,*066mf*
257,14,Matthew Etzel,BAL,OF,2023,2025,22.1,370,114,,*06fut*
258,14,Dillon Head,SD,OF,2023,2026,19.6,172,-85,,*066nq*
259,14,Nick Frasso,LAD,P,2020,2024,25.6,227,-31,,*05jpo*
260,14,Adrian Del Castillo,ARI,C,2021,2024,24.7,251,-8,,*05jn0*
261,14,A.J. Ewing,NYM,SS,2023,2026,19.8,547,287,,*06dn7*
262,14,George Wolkow,CHW,3B,2023,2026,18.4,309,48,,*05u2o*
263,14,Chandler Champlain,KC,P,2021,2024,24.9,594,332,,*05y7q*
264,14,Jose Corniell,TEX,P,2019,2025,21,230,-33,,*05gx5*
265,14,Blake Wolters,KC,P,2023,2026,19.6,231,-33,,*06c1k*
266,14,Jhancarlos Lara,ATL,P,2021,2026,21.4,232,-33,,*06cev*
267,14,Alex Clemmey,CLE,P,2023,2026,18.9,233,-33,,*06bfu*
268,14,Elmer Rodriguez-Cruz,BOS,P,2021,2025,20.8,463,196,,*05xoo*
269,14,Troy Melton,DET,P,2022,2025,23.5,201,-67,,*05uc4*
270,14,Brooks Baldwin,CHW,1B,2021,2025,23.8,352,83,,*062z3*
271,14,Jakob Marsee,SD,OF,2022,2025,22.9,219,-51,,*065ji*
272,14,Sean Sullivan,COL,P,2023,2025,21.9,342,71,,*06ahu*
273,14,Nolan McLean,NYM,3B,2023,2025,22.9,424,152,,*05y7s*
274,14,Mason Black,SF,P,2021,Debuted,24.5,150,-123,,*05r3g*
275,14,Michael Arroyo,SEA,SS,2022,2027,19.6,238,-36,,*05yid*
276,14,Julian Aguiar,CIN,P,2021,2025,23,209,-66,,*05yg3*
277,14,Marco Vargas,NYM,2B,2022,2027,19.1,274,-2,,*06249*
278,14,Mick Abel,PHI,P,2020,2024,22.8,136,-141,,*05g4k*
279,14,Andrew Morris,MIN,P,2022,2025,22.8,590,312,,*0648r*
280,14,Yoniel Curet,TB,P,2019,2025,21.6,242,-37,,*05uec*
281,14,Yordanny Monegro,BOS,P,2020,2025,21.6,243,-37,,*06c28*
282,14,Nazzan Zanetello,BOS,SS,2023,2026,19,307,26,,*067xn*
283,14,Tjayy Walton,PHI,OF,2023,2027,19.3,393,111,,*05u9p*
284,14,Sammy Stafura,CIN,SS,2023,2026,19.6,365,82,,*06c1m*
285,14,Andy Perez,COL,SS,2021,2026,20,245,-39,,*06aw7*
286,14,Juan Baez,MIL,SS,2022,2026,18.9,275,-10,,*06c2b*
287,14,Alex Mooney,CLE,SS,2023,2026,21.8,402,116,,*05rci*
288,14,Jeter Martinez,SEA,P,2023,2027,18.3,448,161,,*066m6*
289,14,Dyan Jorge,COL,SS,2022,2026,21.2,248,-40,,*05r9e*
290,14,Brock Selvidge,NYY,P,2021,2025,21.8,418,129,,*05u9l*
291,15,Alan Roden,TOR,1B,2022,2025,24.5,530,240,,*061yt*
292,15,Robert Hassell III,WSH,OF,2020,2024,22.8,395,104,,*05gbe*
293,15,Jared Serna,NYY,2B,2019,2025,22,311,19,UP,*062jx*
294,15,Nick Yorke,BOS,2B,2020,2024,22.2,252,-41,,*05js7*
295,15,Andry Lara,WSH,P,2019,2025,21.4,387,93,,*052kc*
296,15,Denzel Clarke,OAK,OF,2021,2024,24.1,199,-96,UP,*05unf*
297,15,Victor Hurtado,WSH,OF,2024,2027,17,255,-41,,*06i06*
298,15,Michael Kennedy,PIT,P,2022,2026,19.5,303,6,,*0647m*
299,15,Jack Hurley,ARI,OF,2023,2025,22.2,257,-41,,*060u1*
300,15,Blake Dunn,CIN,OF,2021,2024,25.8,200,-99,,*05jr5*
301,15,Myles Naylor,OAK,3B,2023,2026,19.1,258,-42,,*06cqm*
302,15,Carson Palmquist,COL,P,2022,2026,23.6,358,57,,*05ybw*
303,15,A.J. Blubaugh,HOU,P,2022,2024,23.8,314,12,,*0649e*
304,15,Ben Kudrna,KC,P,2021,2025,21.3,398,95,,*05t9i*
305,15,Sem Robberse,STL,P,2019,2024,22.6,390,86,,*05gea*
306,15,Michael Forret,BAL,P,2023,2026,20.2,322,17,,*06hwt*
307,15,Mitchell Parker,WSH,P,2020,Debuted,24.7,264,-42,,*05jqy*
308,15,Yohandy Morales,WSH,SS,2023,2025,22.7,273,-34,,*05js4*
309,15,Moises Chace,BAL,P,2019,2026,21,499,191,,*060vu*
310,15,Bishop Letson,MIL,P,2023,2026,19.7,337,28,,*06gjw*
311,15,Jose Perdomo,ATL,SS,2024,2027,17.7,374,64,,*067z8*
312,15,Dawel Joseph,SEA,SS,2024,2028,17.1,354,43,,*06hys*
313,15,Franklin Arias,BOS,SS,2023,2027,18.5,332,20,,*06c78*
314,15,Dameury Pena,MIN,2B,2023,2026,18.8,775,462,,*06ek8*
315,15,Byron Chourio,MIN,OF,2022,2026,19,267,-47,,*063dn*
316,15,Thomas Sosa,BAL,OF,2022,2026,19.4,440,125,,*061zu*
317,15,Yohendrick Pinango,CHC,OF,2018,2025,22.1,509,193,UP,*04z8z*
318,15,Kendall George,LAD,OF,2023,2026,19.6,206,-111,,*06cql*
319,15,Alex Ramirez,NYM,OF,2019,2025,21.4,218,-100,DOWN,*0526a*
320,15,Austin Peterson,CLE,P,2022,2025,24.7,536,217,,*061bn*
321,15,Sawyer Gipson-Long,DET,P,2019,Debuted,26.5,272,-48,,*0514z*
322,15,Parker Messick,CLE,P,2022,2024,23.6,349,28,,*05tzn*
323,15,Nate Furman,CLE,2B,2022,2025,22.9,701,379,,*06487*
324,15,Spencer Arrighetti,HOU,P,2021,Debuted,22.4,283,-40,,*05y0j*
325,15,Jackson Baumeister,BAL,P,2023,2025,21.9,298,-26,,*05u9j*
326,16,Brennen Davis,CHC,OF,2018,2024,24.6,684,359,,*04pmv*
327,16,Austin Shenton,TB,3B,2019,Debuted,26.4,278,-48,,*04y98*
328,16,Patrick Reilly,PIT,P,2023,2025,22.7,286,-41,,*05jpm*
329,16,Edgar Portes,BAL,P,2019,2026,21.7,764,436,,*06drr*
330,16,Zander Mueth,PIT,P,2023,2026,19,346,17,,*05y3m*
331,16,Yujanyer Herrera,MIL,P,2019,2026,20.8,774,444,,*05iyt*
332,16,Bradley Blalock,MIL,P,2019,Debuted,23.4,279,-52,,*0579z*
333,16,Aidan Curry,TEX,P,2020,2025,21.9,291,-41,,*06b49*
334,16,Adam Serwinowski,CIN,P,2022,2026,20,294,-39,,*066az*
335,16,Steven Echavarria,OAK,P,2023,2027,18.8,321,-13,,*06cqx*
336,16,Barrett Kent,LAA,P,2023,2026,19.7,316,-19,,*067xl*
337,16,Lonnie White,PIT,OF,2021,2025,21.4,362,26,,*05t9m*
338,16,Yu-Min Lin,ARI,P,2021,2025,20.9,285,-52,,*061wi*
339,16,Demetrio Crisantes,ARI,SS,2022,2026,19.7,913,575,,*064o4*
340,16,Rayne Doncon,MIN,SS,2021,2026,20.7,388,49,,*05r6f*
341,16,Cristian Mena,ARI,P,2019,2025,21.5,289,-51,,*05ita*
342,16,Ty Floyd,CIN,P,2023,2025,22.8,260,-81,,*05u2l*
343,16,Peter Heubeck,LAD,P,2021,2025,21.9,934,592,,*05uvd*
344,16,Keiner Delgado,PIT,SS,2020,2027,20.4,240,-103,,*061z7*
345,16,Colin Houck,NYM,SS,2023,2026,19.7,184,-160,,*066nf*
346,16,Damiano Palmegiani,TOR,3B,2021,2024,24.4,297,-48,UP,*05wbq*
347,16,Mike Vasil,NYM,P,2021,2024,24.2,292,-54,,*04ok0*
348,16,Francisco Vilorio,NYY,OF,2024,2028,17.6,509,162,,*06ibp*
349,16,Gino Groover,ARI,SS,2023,2025,22.1,301,-47,,*05yj5*
350,16,Enmanuel Tejeda,NYY,SS,2022,2027,19.4,250,-99,,*0638j*
351,16,Jose Fleury,HOU,P,2021,2025,22.2,296,-54,,*066qg*
352,16,Jarlin Susana,WSH,P,2022,2026,20.2,317,-34,,*05y7n*
353,16,Darell Hernaiz,OAK,SS,2019,Debuted,22.8,304,-48,,*05145*
354,16,Justice Bigbie,DET,3B,2021,2025,25.4,308,-45,,*05ylo*
355,16,A.J. Vukovich,ARI,3B,2020,2024,22.9,306,-48,,*05jql*
356,16,Kumar Rocker,TEX,P,2022,2024,24.5,320,-35,,*04azu*
357,16,Nathan Martorella,SD,1B,2022,2025,23.3,247,-109,UP,*0648v*
358,16,Jeffry Rosa,NYM,OF,2023,2027,19.7,328,-29,,*067zp*
359,16,Yeiker Reyes,COL,OF,2023,2025,18.6,917,559,,*06c1o*
360,16,Waner Luciano,HOU,3B,2022,2026,19.4,256,-103,,*061zq*
361,16,Kahlil Watson,CLE,SS,2021,2025,21.1,326,-34,,*05rau*
362,16,John Cruz,MIA,OF,2022,2027,18.8,302,-59,,*06200*
363,16,Blaze Jordan,BOS,1B,2020,2024,21.5,269,-93,UP,*04nq4*
364,16,Joander Suarez,NYM,P,2018,2025,24.3,401,38,,*055hw*
365,16,Carlos Rodriguez,MIL,P,2021,2025,22.5,341,-23,,*05yf9*
366,16,Luis Serna,NYY,P,2021,2027,19.9,410,45,,*05uve*
367,16,Trevor Martin,TB,P,2022,2025,23.5,493,127,,*06309*
368,16,Austin Charles,KC,SS,2022,2026,20.6,391,24,,*0647z*
369,16,Luis Vazquez,CHC,SS,2017,Debuted,24.7,351,-17,,*04ens*
370,16,Eduardo Tait,PHI,C,2023,2027,17.8,325,-44,,*06bsb*
371,17,Derek Bernard,COL,SS,2022,2027,18.8,307,-63,,*0633e*
372,17,Braylin Morel,TEX,OF,2023,2027,18.4,414,43,,*06dq5*
373,17,Frank Mozzicato,KC,P,2021,2026,21,432,60,,*05tcb*
374,17,Fernando Perez,TOR,P,2022,2026,20.3,495,122,,*06ek7*
375,17,Yandel Ricardo,KC,SS,2024,2028,17.7,310,-64,,*06ibq*
376,17,Hiro Wyatt,KC,P,2023,2026,19.8,378,3,,*06dqf*
377,17,Landen Roupp,SF,P,2021,Debuted,25.7,288,-88,,*05y72*
378,17,Adam Macko,TOR,P,2019,2024,23.4,825,448,,*0515q*
379,17,Keider Montero,DET,P,2016,2024,23.9,261,-117,,*05a1v*
380,17,Mason Barnett,KC,P,2022,2025,23.6,313,-66,,*0630h*
381,17,Peyton Pallette,CHW,P,2022,2025,23.1,359,-21,,*05u38*
382,17,Daniel Espino,CLE,P,2019,2024,23.4,315,-66,,*04ya2*
383,17,Wilmer Flores,DET,P,2020,2024,23.3,282,-100,,*05ww2*
384,17,Samuel Aldegheri,PHI,P,2019,2025,22.7,553,170,,*06aw2*
385,17,Cole Schoenwetter,CIN,P,2023,2026,19.7,344,-40,,*067xk*
386,17,Yasser Mercedes,MIN,OF,2022,2026,19.6,456,71,,*05ych*
387,17,Anthony Gutierrez,TEX,OF,2022,2026,19.5,385,-1,,*05wy2*
388,17,Yassel Soler,ARI,3B,2023,2027,18.4,NR,NA,,*06ciz*
389,17,Diego Cartaya,LAD,C,2018,2024,22.7,280,-108,UP,*04p0h*
390,17,Franyerber Montilla,DET,2B,2022,2026,19.1,NR,NA,,*064og*
391,17,Henry Bolte,OAK,OF,2022,2026,20.8,651,261,,*05y7t*
392,17,Kevin Parada,NYM,C,2022,2025,22.8,324,-67,UP,*05jrc*
393,17,George Valera,CLE,OF,2017,2024,23.6,319,-73,UP,*04fqi*
394,17,Braylin Tavera,BAL,OF,2022,2026,19.3,428,35,,*05ygp*
395,17,Ryan Galanie,CHW,3B,2023,2026,24,817,423,,*06huk*
396,17,Adolfo Sanchez,CIN,OF,2024,2028,17.7,372,-23,,*06hyt*
397,17,Juan Daniel Encarnacion,BOS,P,2018,2025,23.2,715,319,,*05ydx*
398,17,David Sandlin,BOS,P,2022,2024,23.3,253,-144,,*062pn*
399,17,Owen White,TEX,P,2018,Debuted,24.8,312,-86,,*04pms*
400,17,Daylen Lile,WSH,OF,2021,2026,21.5,363,-36,,*05t2b*
401,17,Ivan Melendez,ARI,1B,2022,2025,24.4,333,-67,,*060ih*
402,17,Haydn McGeary,CHC,"C,1B",2022,2025,24.7,334,-67,UP,*0603s*
403,17,Jonathan Cannon,CHW,P,2022,Debuted,23.9,369,-33,,*05rb2*
404,17,Victor Bericoto,SF,OF,2018,2024,22.5,235,-168,,*051wu*
405,17,Heriberto Hernandez,TB,C,2017,2024,24.5,570,166,,*04up9*
406,17,Didier Fuentes,ATL,P,2022,2026,19,593,188,,*064zm*
407,17,Joey Cantillo,CLE,P,2017,2024,24.5,337,-69,,*04eos*
408,17,Reggie Crawford,SF,P,2022,2024,23.5,471,64,,*05uee*
409,17,Frederick Bencosme,BAL,SS,2020,2025,21.4,249,-159,UP,*05ykx*
410,17,Caleb Durbin,NYY,SS,2021,2024,24.3,441,32,,*05y4b*
411,17,Spencer Horwitz,TOR,UT,2019,Debuted,26.6,330,-80,,*051ia*
412,17,Jean Joseph,TOR,OF,2022,2026,19.3,NR,NA,,*061tq*
413,17,Edgleen Perez,NYY,C,2023,2027,18,NR,NA,,*06iej*
414,17,Drake Baldwin,ATL,C,2022,2025,23.2,343,-70,,*0630d*
415,17,Ian Seymour,TB,P,2020,2023,26.4,488,74,,*05jpd*
416,17,Mason Montgomery,TB,P,2021,2024,24,318,-97,,*05y2k*
417,17,Andrew Walters,CLE,P,2023,2024,23.5,475,59,,*061a8*
418,17,Reid Vanscoter,SEA,P,2022,2025,25.5,386,-31,,*064wg*
419,17,Alejandro Rosario,TEX,P,2023,2026,22.4,761,343,,*05jri*
420,17,Matt Wilkinson,CLE,P,2023,2026,21.5,481,62,,*06dmr*
421,18,Chase Meidroth,BOS,SS,2022,2025,22.9,436,16,,*0648n*
422,18,Alfonsin Rosario,CHC,OF,2023,2027,20,437,16,,*06f1h*
423,18,Colton Gordon,HOU,P,2021,2024,25.5,350,-72,,*05yfi*
424,18,Nick Lorusso,NYM,3B,2023,2025,23.7,610,187,,*06dn1*
425,18,Adam Maier,ATL,P,2022,2026,22.5,631,207,,*05xu6*
426,18,Lyon Richardson,CIN,P,2018,Debuted,24.4,353,-72,,*04pmo*
427,18,Brice Matthews,HOU,SS,2023,2024,22.2,246,-180,,*06c36*
428,18,Robert Arias,CLE,OF,2024,2028,17.7,355,-72,,*06ibn*
429,18,Pascanel Ferreras,HOU,SS,2023,2025,22.5,574,146,,*06hnr*
430,18,Pedro Leon,HOU,OF,2021,2024,26,593,164,UP,*05gdv*
431,18,Jun-Seok Shim,PIT,P,2023,2027,20.2,508,78,,*0662p*
432,18,Ricardo Olivar,MIN,C,2021,2025,22.8,681,250,,*06437*
433,18,DJ Herz,WSH,P,2019,2024,23.4,295,-137,,*0516h*
434,18,Creed Willems,BAL,C,2021,2025,21,501,68,UP,*05y3x*
435,18,Jacob Berry,MIA,3B,2022,2024,23.1,348,-86,,*05t5m*
436,18,Miguel Ullola,HOU,P,2021,2025,22,744,309,,*061xq*
437,18,Aaron Zavala,TEX,OF,2021,2024,24,364,-72,UP,*05toy*
438,18,Trystan Vrieling,NYY,P,2022,2025,23.7,443,6,,*0630b*
439,18,Zach Levenson,STL,OF,2023,2026,22.3,366,-72,,*06f1n*
440,18,Matt Mervis,CHC,1B,2020,Debuted,26.1,277,-162,,*05ojj*
441,18,Jack Choate,SF,P,2022,2025,23.1,897,457,,*066cx*
442,18,Ricardo Yan,ARI,P,2021,2025,21.6,380,-61,,*066sv*
443,18,Wilfred Veras,CHW,3B,2019,2025,21.6,419,-23,DOWN,*05nsi*
444,18,Leonardo Balcazar,CIN,SS,2021,2026,20,371,-72,,*05unp*
445,18,Eduardo Herrera,CHW,3B,2024,2028,17.6,394,-50,,*06hip*
446,18,Brant Hurter,DET,P,2021,2024,25.8,491,46,,*05u6p*
447,18,Doug Nikhazy,CLE,P,2021,2025,24.8,959,513,,*05taw*
448,18,Won-Bin Cho,STL,OF,2021,2025,20.8,375,-72,UP,*05ygg*
449,18,Darren Bowen,MIN,P,2022,2025,23.3,376,-72,,*066lp*
450,18,Adrian Santana,TB,SS,2023,2026,18.9,377,-72,,*06bfv*
451,18,Cayden Wallace,KC,3B,2022,2024,22.8,405,-45,,*05jq9*
452,18,Brandon Barriera,TOR,P,2022,2026,20.3,379,-72,,*05rfo*
453,18,Angel Martinez,CLE,SS,2018,2024,22.4,411,-41,,*04ydd*
454,18,Joey Estes,OAK,P,2019,Debuted,22.7,381,-72,,*051cl*
455,18,Jedixson Paez,BOS,P,2021,2026,20.4,741,287,,*05xzr*
456,18,Jace Bohrofen,TOR,OF,2023,2025,22.6,382,-73,,*05gx3*
457,18,Matthew Lugo,BOS,SS,2019,2024,23.1,864,408,,*04yic*
458,18,Bryan Rincon,PHI,SS,2022,2025,20.3,383,-74,,*066lf*
459,18,Rafael Ramirez,CLE,SS,2022,2026,18.9,373,-85,,*061zl*
460,18,Garrett Baumann,ATL,P,2023,2027,19.8,469,10,,*06aqk*
461,18,Nick Morabito,NYM,OF,2022,2026,21.1,572,112,,*0630l*
462,18,Tyler Stuart,NYM,P,2022,2024,24.7,573,112,,*0648p*
463,18,Jhonny Severino,PIT,SS,2022,2027,19.6,430,-32,,*05yim*
464,18,Franco Aleman,CLE,P,2021,2024,23.9,434,-29,,*05y5l*
465,18,Kenedy Corona,HOU,OF,2019,2025,24.2,389,-75,,*05aid*
466,18,Jorbit Vivas,NYY,2B,2017,2024,23.2,356,-109,,*05a1t*
467,18,Tre' Morgan,TB,1B,2023,2025,21.9,559,93,,*05wrt*
468,18,Cam Fisher,HOU,OF,2023,2025,23,392,-75,UP,*06amp*
469,18,Jeron Williams,HOU,SS,2023,2025,23.7,603,135,,*06gik*
470,18,Noah Cameron,KC,P,2021,2024,24.9,426,-43,,*05ycf*
471,18,Javier Mogollon,CHW,2B,2023,2027,18.6,672,202,,*06bsh*
472,18,Quinn McDaniel,SF,2B,2023,2025,21.7,396,-75,,*06eks*
473,18,Andruw Musett,BOS,C,2023,2027,18.5,NR,NA,,*06cq3*
474,18,Drue Hackenberg,ATL,P,2023,2026,22.2,557,84,,*062e9*
475,18,Brandon Young,BAL,P,2020,2024,25.8,935,461,,*05r3a*
476,18,C.J. Culpepper,MIN,P,2022,2025,22.6,464,-11,,*065j0*
477,18,Dominic Hamel,NYM,P,2021,2024,25.3,237,-239,,*05udy*
478,18,Zach Maxwell,CIN,P,2022,2024,23.4,737,260,,*0648f*
479,18,Gavin Conticello,ARI,3B,2021,2026,21,400,-78,,*05xq6*
480,18,Ruben Santana,ARI,3B,2022,2026,19.3,335,-144,,*061tr*
481,18,Will Wagner,HOU,2B,2021,2024,25.9,402,-78,UP,*05yhg*
482,18,Jake Gelof,LAD,3B,2023,2026,22.3,403,-78,,*060g1*
483,18,Enrique Jimenez,DET,C,2023,2027,18.6,NR,NA,,*066mg*
484,18,Jud Fabian,BAL,OF,2022,2025,23.7,467,-16,,*05gsp*
485,18,Jake Eder,CHW,P,2020,2024,25.8,406,-78,,*05gwt*
486,18,Ben Casparius,LAD,P,2021,2024,25.3,742,257,,*05y4k*
487,18,Jack Brannigan,PIT,3B,2021,2025,23.2,408,-78,,*0630j*
488,18,Clayton Beeter,NYY,P,2020,Debuted,25.7,409,-78,,*05jnq*
489,18,Niko Kavadas,BOS,1B,2021,2024,25.6,707,219,UP,*05jqp*
490,18,Yeremi Cabrera,TEX,OF,2022,2027,18.9,457,-32,,*06c3v*
491,18,Max Anderson,DET,3B,2023,2025,22.3,412,-78,,*06dmp*
492,18,Jeremy Reyes,ATL,P,2023,2027,18.4,1004,513,,*06idh*
493,18,Joe Whitman,SF,P,2023,2024,22.7,413,-79,,*06c1l*
494,18,Leandro Arias,BAL,SS,2022,2026,19.3,658,165,,*05yiq*
495,18,Brando Mayea,NYY,OF,2023,2027,18.7,415,-79,,*05rez*
496,18,Ryan Birchard,MIL,P,2023,2026,20.9,485,-10,,*06f1p*
497,18,Rubel Cespedes,MIN,3B,2019,2025,23.8,NR,NA,,*06l48*
498,18,Ben Cowles,NYY,"2B,3B,SS",2021,2024,24.3,442,-55,,*05y6f*
499,18,Yovanny Rodriguez,NYM,C,2024,2028,17.6,450,-48,,*06hio*
500,18,Adriel Radney,ARI,OF,2024,2028,17,510,11,,*06hyp*
501,18,Tyler Woessner,MIL,P,2022,2025,22.6,526,26,,*0642n*
